cohort,permutation,model,splitter,window_n_mean,window_n_sd,window_prevalence_mean,window_prevalence_sd,window_accuracy_mean,window_accuracy_sd,window_balanced_accuracy_mean,window_balanced_accuracy_sd,window_macro_f1_mean,window_macro_f1_sd,window_mcc_mean,window_mcc_sd,window_auroc_mean,window_auroc_sd,window_auprc_mean,window_auprc_sd,window_brier_mean,window_brier_sd,window_calibration_slope_mean,window_calibration_slope_sd,window_calibration_intercept_mean,window_calibration_intercept_sd,window_ece_mean,window_ece_sd,subject_n_mean,subject_n_sd,subject_prevalence_mean,subject_prevalence_sd,subject_accuracy_mean,subject_accuracy_sd,subject_balanced_accuracy_mean,subject_balanced_accuracy_sd,subject_macro_f1_mean,subject_macro_f1_sd,subject_mcc_mean,subject_mcc_sd,subject_auroc_mean,subject_auroc_sd,subject_auprc_mean,subject_auprc_sd,subject_brier_mean,subject_brier_sd,subject_calibration_slope_mean,subject_calibration_slope_sd,subject_calibration_intercept_mean,subject_calibration_intercept_sd,subject_ece_mean,subject_ece_sd,n_subjects_mean,n_subjects_sd,window_auroc_est,window_auroc_ci_lo,window_auroc_ci_hi,subject_auroc_est,subject_auroc_ci_lo,subject_auroc_ci_hi,window_accuracy_est,window_accuracy_ci_lo,window_accuracy_ci_hi,subject_accuracy_est,subject_accuracy_ci_lo,subject_accuracy_ci_hi,window_macro_f1_est,window_macro_f1_ci_lo,window_macro_f1_ci_hi,subject_macro_f1_est,subject_macro_f1_ci_lo,subject_macro_f1_ci_hi,window_brier_est,window_brier_ci_lo,window_brier_ci_hi,subject_brier_est,subject_brier_ci_lo,subject_brier_ci_hi,window_calibration_slope_est,window_calibration_slope_ci_lo,window_calibration_slope_ci_hi,subject_calibration_slope_est,subject_calibration_slope_ci_lo,subject_calibration_slope_ci_hi,window_calibration_intercept_est,window_calibration_intercept_ci_lo,window_calibration_intercept_ci_hi,subject_calibration_intercept_est,subject_calibration_intercept_ci_lo,subject_calibration_intercept_ci_hi,window_ece_est,window_ece_ci_lo,window_ece_ci_hi,subject_ece_est,subject_ece_ci_lo,subject_ece_ci_hi
depresjon,0,logreg,subject_wise,1034.0,0.0,0.4119922630560928,0.0,0.5019342359767892,0.014048200238234002,0.4950863808582489,0.01371161102076668,0.4938968131955262,0.013713445625588927,-0.009690210558227361,0.027067425952419524,0.5016749804381847,0.014570107416044885,0.4137188260303213,0.011171420622496396,0.27868905283300843,0.006244261569411399,0.0029829331444708902,0.034095002097589096,-0.3615911112999782,0.011332609561695883,0.14861565985459635,0.011133822508594933,55.0,0.0,0.41818181818181815,0.0,0.5757575757575757,0.020994555243259126,0.5600090579710145,0.01451220105979359,0.5598638005927008,0.014260607900380097,0.12192782994526051,0.03233212380110991,0.5258152173913043,0.023177611561456486,0.44955439236317796,0.03211587217879568,0.2566124506506342,0.006807817701812141,0.1371320239934852,0.2792692037566365,-0.28193395476132843,0.007413028115251306,0.12992501931966086,0.061401651895650375,55.0,0.0,0.5039014238942426,0.4134189881601672,0.5951908855885767,0.5230978260869565,0.42834665127414867,0.6545404968832323,0.5222437137330754,0.447873787434412,0.5919815622048386,0.5454545454545454,0.46909227914963203,0.647164622232973,0.5119733704292528,0.4414430032351534,0.588586011029879,0.5299145299145299,0.4528700922408769,0.6435396253511707,0.2747165469401918,0.249894834547878,0.3082394872855663,0.25486430192841325,0.23475993818232804,0.2732957542498925,-0.0008650703931747498,-0.36565106660474883,0.2957594267748729,0.12384068955152426,-0.7056265819763253,1.3623953614780213,-0.3552144881128562,-1.0272036357386563,0.2605905908971755,-0.27999512960038364,-0.7324608854668185,0.09653550645243941,0.13531510382538497,0.045043316075046094,0.2071497408958494,0.10215924235296082,0.04467391717271252,0.14320898694627326
depresjon,0,logreg,record_wise,1034.0,0.0,0.4119922630560928,0.0,0.622501611863314,0.00775706603192519,0.6120132711473519,0.006435266976648268,0.6116111488917514,0.0067855327137365685,0.22341966006564826,0.013472424659470534,0.6395149956758093,0.008734750984631714,0.5220764249338303,0.007602352056567664,0.23864814694120162,0.0023495597604231045,0.49318063990808386,0.04021755894030931,-0.3528671135566071,0.011392186517360011,0.08215514194406026,0.0027812406599529243,55.0,0.0,0.41818181818181815,0.0,0.7151515151515152,0.027773186030035403,0.7001811594202897,0.03405107445399238,0.7019292491367866,0.032676622300442444,0.40799304302848755,0.06241214881934861,0.7740036231884058,0.008840227036206127,0.6857996568716539,0.011629293898025039,0.21850562369749404,0.001736190505089959,3.0274271100341963,0.1999895203870681,-0.28868263307422937,0.011117137979339964,0.18810416968351554,0.035392851945518326,55.0,0.0,0.6437214294539164,0.556368976042175,0.726781029304956,0.78125,0.6877133832162754,0.8784875942065589,0.6353965183752418,0.5563787074836098,0.6906747128770909,0.7090909090909091,0.6363636363636364,0.8,0.6248961968847999,0.5641361792068464,0.6880695288784003,0.696969696969697,0.6256071593223246,0.8004396915060604,0.23738225032443486,0.2207350671135571,0.2666322837710159,0.21842713608349984,0.20506343807806945,0.23148474327246568,0.5296990446986217,0.044827003635740825,1.0993877259930176,3.063929477247202,1.7267624109360573,5.712481045961922,-0.3508743354734236,-0.945645479835895,0.22590586945190932,-0.28859245170608305,-0.7230164937990573,0.06238912766555344,0.088860492695981,0.04208116466022897,0.1679169365211404,0.18463034882817778,0.10521199707808422,0.2750139994992898
depresjon,0,xgboost,subject_wise,1034.0,0.0,0.4119922630560928,0.0,0.5267569310122502,0.023217546847235114,0.5029600115311753,0.022341703367845106,0.5018367729908243,0.02231901701876663,0.006211023195216168,0.045611890497862184,0.49920015340581503,0.03065824833068741,0.43315498294608973,0.023609596101019287,0.30063343061509223,0.015680306425750523,0.02493513077701213,0.08324498445551368,-0.06707264781855081,0.021954663437424637,0.22155584932048522,0.022983136637725235,55.0,0.0,0.41818181818181815,0.0,0.5393939393939394,0.045756572334974224,0.5043025362318841,0.045187270595094337,0.4946952198640409,0.04669222855405004,0.010028601516883673,0.09737445804044856,0.5126811594202899,0.06114633634687565,0.43854367947052536,0.038739642026054545,0.26319450207025863,0.017912625703880327,0.01866129002088192,0.30719320318392335,0.009749970326336364,0.01333617485980683,0.11988681116790482,0.07002711940648347,55.0,0.0,0.4977278694094391,0.40606527271762727,0.5976976245294631,0.5122282608695652,0.4065930647509062,0.6485352539313604,0.52321083172147,0.4453723490248702,0.6032887007120203,0.5636363636363636,0.46959948651339195,0.6470588235294118,0.4963000291491895,0.43081070855871323,0.5704654066150677,0.5175438596491228,0.42176870748299317,0.6174405587566281,0.291541633287653,0.25154931468052605,0.34121866181473204,0.25995924109819896,0.22965789642279785,0.2923126904516122,0.020560798859946924,-0.26345120332105526,0.32439349203819967,-0.04491146336344941,-0.6415002625013454,1.0484214162687795,-0.06415920937628773,-0.8942457182414764,0.6126178533127383,0.009515495248124275,-0.4780668116222933,0.42995781206950123,0.18931590941350912,0.11627467437055758,0.24463632737374905,0.09453123198314146,0.048696815189334525,0.11376772985326852
depresjon,0,xgboost,record_wise,1034.0,0.0,0.4119922630560928,0.0,0.6689232753062541,0.01625026842182922,0.6431718968783461,0.017461831546110577,0.6449400355573592,0.018281813123288384,0.30009288126671346,0.03573951835809267,0.7118686166707849,0.010299987806810709,0.634460371127239,0.010123051010787398,0.21194010120492446,0.0035027549320316097,0.714448748076042,0.03073035639647153,0.030396228752043748,0.020039517132347705,0.05639624209212276,0.004377844251678206,55.0,0.0,0.41818181818181815,0.0,0.7696969696969697,0.010497277621629563,0.7307518115942028,0.012551092808470181,0.7358301158301158,0.014221987325983825,0.5457343900531042,0.020556916722264517,0.884963768115942,0.017680454072412255,0.8600589751446783,0.01919141868639949,0.17207865015122784,0.0044198325892899236,4.119010826918337,0.38189621969039295,0.06172700534377385,0.021848913586414314,0.16266950432098273,0.013044464209261294,55.0,0.0,0.7205877810723993,0.6514014818115862,0.7865589496543098,0.8831521739130435,0.8103807991807901,0.939152074155413,0.6702127659574468,0.5948472123389485,0.7281428893633108,0.7818181818181819,0.7058823529411765,0.8612108534349164,0.6458886327915117,0.5819456637193767,0.7075686319486815,0.7522522522522522,0.668560606060606,0.8482031372247717,0.2072815523397225,0.17941451583023596,0.24214971741054855,0.1717166386574759,0.15025474164106634,0.19313869582276072,0.8081988793526852,0.5550774276510767,1.0425836634837726,4.250667743454579,3.016526238407795,5.721673433503388,0.02971593701204184,-0.6057628691531194,0.6094632214774562,0.061606948942151706,-0.36708114140941284,0.40246813182431646,0.05505493802794865,0.03690136245404257,0.07005522308056755,0.1685412520712072,0.10374771720973067,0.219304242078477
depresjon,1,logreg,subject_wise,1034.0,0.0,0.437137330754352,0.0,0.47292069632495165,0.008595932705334217,0.46787347058763906,0.0060960557486917,0.4673910218658672,0.006364340638068772,-0.06397260189690622,0.01197078289286176,0.4501407768958631,0.01610102808705472,0.40992486822140556,0.004285665024919836,0.28141887729965326,0.0046760208936598305,-0.11014808644907059,0.04365085017231598,-0.26435899094130466,0.02230376852846547,0.14281316122428625,0.02150079219050471,55.0,0.0,0.41818181818181815,0.0,0.4424242424242424,0.04198911048651825,0.4352355072463768,0.030940794626721467,0.43315864212415933,0.03168136082364959,-0.12843053155090275,0.060146841942890675,0.41213768115942034,0.016603535126651612,0.39381122600123225,0.025454980643066134,0.259418012938549,0.005595131884745992,-0.2828882989940546,0.5541868434632032,-0.3005908231338373,0.013442429804567798,0.12717576822848353,0.041818814027284344,55.0,0.0,0.4503029680990177,0.3876654112024134,0.5343350131209634,0.41304347826086957,0.28269152717126955,0.5232776474757108,0.4748549323017408,0.42184036907175354,0.5382668216165897,0.45454545454545453,0.34285714285714286,0.5428571428571428,0.47161242053651675,0.4243922538168759,0.545860886721873,0.45,0.3536772746721735,0.5427261731684244,0.2782270954966628,0.26138850728855006,0.2995911411702486,0.25822589006974506,0.24558627880683256,0.2711835088324819,-0.13122566285189766,-0.46074506657893605,0.20753409274158444,-0.3167664199543655,-3.1902745685587814,1.0495661311037716,-0.2607193785541815,-0.9140558020988295,0.3544119299407268,-0.2992271417421731,-0.6836716721291116,0.11961161991763881,0.13314624702421196,0.07548856132964495,0.1915552101095039,0.1094220249029533,0.0235137406479254,0.1704312970275726
depresjon,1,logreg,record_wise,1034.0,0.0,0.437137330754352,0.0,0.5831721470019343,0.0033501949856264658,0.5788249247331448,0.0042599400621030304,0.5782958661514562,0.004017594873206142,0.15702429854699634,0.00829543802208539,0.6126449583878194,0.003476686044862318,0.5498972294014394,0.004262260494958959,0.242430902978545,0.0009121505067969049,0.4637711315764927,0.07272287704481462,-0.25321593365300005,0.002606388170776854,0.07348196860270065,0.0006140173522608528,55.0,0.0,0.41818181818181815,0.0,0.6484848484848486,0.027773186030035403,0.6367753623188405,0.023867581744561665,0.6372516766133788,0.025035412653324977,0.2754089093651979,0.05070490170368459,0.6911231884057972,0.009639400658420706,0.6604650373303361,0.004451053030545543,0.22745327407314675,0.0005305181639910647,3.055203871037301,0.07050652664649533,-0.2862940415422601,0.003011897963956845,0.10418728099980024,0.01301065032107222,55.0,0.0,0.6159375665237357,0.5429043148987527,0.6997964804142617,0.6915760869565217,0.5906871472215252,0.8066794767541864,0.586073500967118,0.5335780828301318,0.6426531490006706,0.6363636363636364,0.5428571428571428,0.7330807237316351,0.5806116569626395,0.5298406626049377,0.6397263365081169,0.6263586956521738,0.5401650788881461,0.7332170880557978,0.24149427185045838,0.22470964151400494,0.26058966355976065,0.22740580809205957,0.21510565478397736,0.23975630193378691,0.5151372951405011,0.03405919648715984,1.128596610115021,3.1065460856117304,1.48298495774577,5.898210805693379,-0.2521609661329321,-0.8288660691382018,0.3250076759024711,-0.28623721567935534,-0.6544654390296231,0.11753453170907956,0.07337758934202178,0.02456766633552672,0.1230771959347477,0.09351571454851468,0.033815546349342425,0.14027968668678797
depresjon,1,xgboost,subject_wise,1034.0,0.0,0.437137330754352,0.0,0.4813023855577047,0.013551160255953383,0.46543553406522115,0.017269859799614023,0.4624665554287917,0.020144203920007913,-0.07120649403357572,0.03674972287592109,0.45228474186256323,0.01989201950165686,0.3990798602652959,0.014881091610542517,0.3125968010813832,0.007378477840815749,-0.1302491915616519,0.045544680549133014,-0.010204462683412827,0.03542113187011214,0.22691059297552363,0.020042213661527825,55.0,0.0,0.41818181818181815,0.0,0.4848484848484848,0.03784847271756603,0.4390851449275362,0.04106731124448364,0.4113820975647177,0.050905768327434514,-0.14479418029531552,0.10141283716487341,0.39945652173913043,0.04489867293983236,0.39853410769778885,0.031946553861788504,0.27350011862382106,0.0075720982393141,-0.16091832851687102,0.05741125274223787,-0.058886573398399165,0.02584385657815167,0.19319387945261868,0.03876004468544028,55.0,0.0,0.44731510202840374,0.37332940379344876,0.5294191077112871,0.37771739130434784,0.28331594378591457,0.5221410810490238,0.4825918762088975,0.4192522170842736,0.5515539296435213,0.4909090909090909,0.41484782903490264,0.6179835796867093,0.46098974283523353,0.40737405681993377,0.5375054011200381,0.38301282051282054,0.3137254901960784,0.4816652898764276,0.30345016154319854,0.2712971695334128,0.3275675628617393,0.2710051984922858,0.2432860387116198,0.29365234908869486,-0.17023102507695725,-0.4348380083602271,0.18027235783987694,-0.20851319293256082,-1.4424908854562764,0.5017962067482077,-0.009684773353871306,-0.7574286724363268,0.6551758944865075,-0.058246550125656896,-0.517499491521849,0.36233146761685436,0.20419529988835755,0.13713281013475356,0.2554745959129844,0.21648671864108607,0.12528074123822006,0.2933220985393792
depresjon,1,xgboost,record_wise,1034.0,0.0,0.437137330754352,0.0,0.6615087040618955,0.005802707930367523,0.6500598080061633,0.0056560162602105335,0.6510917608226992,0.005748231961117027,0.30521686658533326,0.011775125810603415,0.7116772597796227,0.0022334847434260638,0.6581999887055983,0.008061203331070872,0.21395946864960314,0.0008830319244216669,0.7672244501143627,0.0136003176447748,0.0496052522145028,0.008907767292003214,0.05177512724038999,0.0012103245629075307,55.0,0.0,0.41818181818181815,0.0,0.787878787878788,0.027773186030035403,0.7504528985507246,0.03405107445399238,0.7570592330499452,0.03727915717639211,0.5877278392625112,0.05287152258889774,0.8478260869565216,0.00718954160615379,0.8452087213645202,0.013522313641503365,0.17990841757578033,0.0022153996576939035,3.5735810739231333,0.29678686506942836,-0.005797770482369729,0.0068722651550437615,0.15738660067771423,0.030768579783214463,55.0,0.0,0.7220334215247999,0.6523912182086661,0.7895348176640395,0.8559782608695651,0.7751027636905625,0.944508289566668,0.6769825918762089,0.6301748519874267,0.7389068216922715,0.7636363636363637,0.6728863205653178,0.8321476815914091,0.666655084012849,0.6226102588001295,0.7292326392398409,0.7276190476190476,0.6267563959509962,0.8069369843615587,0.2094915183922959,0.18074072917896222,0.2325283924167193,0.17955981946530497,0.1575509223300749,0.20191698903244806,0.878196872146116,0.6138181469945609,1.1991088614083751,3.7617500525320073,2.474715658738077,6.89089311528895,0.048477165214582486,-0.5857219680247562,0.6279923524735656,-0.005802715612006009,-0.4499494234102355,0.34383727225467203,0.036745369634311846,0.027502033673912917,0.038769844029429734,0.1421765704046596,0.07070663397925639,0.18819295741527334
depresjon,2,logreg,subject_wise,1034.0,0.0,0.41295938104448743,0.0,0.5215989684074791,0.01730934075907003,0.5196118148018113,0.02077063867455016,0.5164448680367014,0.019105383990927316,0.03862958197871278,0.04090410231314649,0.523003805459851,0.022980059199097534,0.40321598433081074,0.013864485835518562,0.2712527216377992,0.007087480958929492,0.0031495430085866313,0.06125749162136921,-0.31036392599806506,0.004291914446411703,0.11887478049459398,0.015780606828235278,55.0,0.0,0.41818181818181815,0.0,0.47272727272727266,0.03636363636363635,0.4694293478260869,0.037530509013405246,0.4675589972953153,0.03685853460089932,-0.060383994073101445,0.07416342593207972,0.5280797101449276,0.040313059441075445,0.4482207735880213,0.014782513239598286,0.25163593237487625,0.0066149214080857685,0.3379855480280238,0.3668096887641348,-0.30422657716965,0.003368058701609212,0.16275229766247185,0.02828115747485213,55.0,0.0,0.5228231136352238,0.4285975070607222,0.6229693886022297,0.5230978260869565,0.40124937500523483,0.6345537577675118,0.5096711798839458,0.4249183807772739,0.59416654583277,0.509090909090909,0.3946085460885436,0.6,0.5043636848389961,0.42535873981420697,0.5922355836488079,0.5031783205085313,0.3911815675484734,0.5998641119018642,0.2686165212858218,0.23957409890067932,0.29819117499624553,0.2508919057022162,0.2330401939308287,0.2689677625008342,0.015757668028590466,-0.32444614478641964,0.3970808544257626,0.37679804626062274,-0.7265022053169354,1.4665957158213216,-0.3067408864335342,-0.9633450409017914,0.24922500012986745,-0.30325458297485736,-0.7485080566141816,0.05005825583450325,0.12535842166816666,0.0644964527393576,0.1758404693835276,0.15043864545988994,0.0658705361107891,0.23342029839982179
depresjon,2,logreg,record_wise,1034.0,0.0,0.41295938104448743,0.0,0.5905867182462927,0.0014772971292572106,0.6031403081663702,0.0010509480304011385,0.5901161101029775,0.0012543873101297182,0.20436374696320872,0.002337332104393049,0.6415569333575114,0.007411918127938015,0.5241550247895613,0.012327749149755445,0.2371630760957478,0.0014585821236277425,0.3988517836765471,0.05676320890338819,-0.35420669758990614,0.01042419419663721,0.08496224465459538,0.002227721694923702,55.0,0.0,0.41818181818181815,0.0,0.5939393939393939,0.027773186030035403,0.6062047101449275,0.027227641629974278,0.5936786848322764,0.027617206891506575,0.21092131289667884,0.053731041424299616,0.7069746376811593,0.009046641465325318,0.6784239409748842,0.027495013656179006,0.22349679162219852,0.001138062076242918,2.460662490351081,0.13150047944615392,-0.3506503651073087,0.011349896674564012,0.16405073758329183,0.03954147292747677,55.0,0.0,0.6441129831898731,0.5492901362944383,0.7239407304834037,0.7051630434782609,0.582433739077271,0.7902994489126114,0.5918762088974855,0.519096370607318,0.6828799482901089,0.6,0.4857142857142857,0.6857142857142857,0.5914849475532986,0.5210412891938478,0.6929430208739884,0.5998677248677249,0.5072515746078261,0.6942084942084943,0.23580243471001888,0.21193071830339402,0.25822021176765164,0.22343733244218902,0.2082047931927246,0.24004772015552728,0.46131873312919064,0.10380567003876989,0.977181977080286,2.477375621315191,1.2661858730566589,3.823616363802451,-0.35207278248562035,-0.9287920360334353,0.18757895238967146,-0.3505613012231417,-0.7458674665547042,-0.0025227077191274827,0.08470458553875074,0.03387142613721066,0.16779168654919221,0.14654652509325813,0.07156819035433101,0.21740698365125302
depresjon,2,xgboost,subject_wise,1034.0,0.0,0.41295938104448743,0.0,0.5390070921985816,0.015362672543447885,0.5110582110609118,0.015697209753240984,0.5083894266961109,0.016175130869090913,0.023041071760732793,0.03268396456303855,0.5461265717295101,0.004113456765335704,0.4343754661384504,0.008277232312198754,0.2847313480338163,0.0029166843114970093,0.11101877408481858,0.010931279123605274,0.11550127305631534,0.029417656466606924,0.1886507773744561,0.016185535062161575,55.0,0.0,0.41818181818181815,0.0,0.5636363636363636,0.036363636363636376,0.5088315217391305,0.03736413043478262,0.4711538461538462,0.04407051282051286,0.023550724637681163,0.09963768115942029,0.5905797101449275,0.011555571396895909,0.5141101858794498,0.036604820581498373,0.24001203025152307,0.005680848361264286,0.622221399101545,0.19556272152980625,0.08208977490894123,0.021709548975768572,0.13983607788880667,0.06141720445005254,55.0,0.0,0.5490240712375911,0.47330541392395087,0.643187432253273,0.6005434782608696,0.481594640286552,0.7074179134236461,0.5512572533849129,0.4654031590558305,0.6278567684498245,0.5818181818181818,0.48484848484848486,0.6764705882352942,0.5178964038377285,0.4527248887720771,0.5799932364165956,0.48346263781135157,0.40634920634920635,0.5970725583225589,0.2765104305992061,0.233980049574655,0.32118866204923197,0.23759305230215272,0.207886084428961,0.2654856569001948,0.13118592229937526,-0.09168267307318136,0.4070804389728983,0.7358021110905756,-0.007933890016850095,1.7403552291076794,0.11039333800154155,-0.6043194554535307,0.7431753410927187,0.08114651027118133,-0.3358406924174443,0.4376068103126272,0.16947731489722745,0.10766550485390156,0.23280343827296796,0.11451269063082606,0.04277965360739619,0.1690171856385253
depresjon,2,xgboost,record_wise,1034.0,0.0,0.41295938104448743,0.0,0.6847195357833655,0.007916201907033318,0.6621345813286829,0.009254909254410987,0.6644657790578182,0.00941589576081139,0.33672724470202803,0.017654120296090352,0.7475587312733181,0.00472113206036208,0.6759478863476346,0.012072287064380162,0.19908342238850404,0.0021878739627496056,0.7658524993489411,0.015523665446463173,0.047885200233260074,0.02512730861260736,0.04337532556154011,0.004994578247274582,55.0,0.0,0.41818181818181815,0.0,0.8060606060606061,0.010497277621629563,0.7681159420289855,0.012551092808470053,0.7775303875303875,0.013867799902156705,0.6341536440988569,0.01912133039228068,0.9533514492753623,0.007725870520485521,0.9493801969102437,0.005348343455694701,0.1573461317796544,0.002104627090280999,7.8166300127359944,0.5735664402982203,0.021563988752760624,0.02334245238398972,0.22400780762686875,0.032932953161843144,55.0,0.0,0.7574125445138491,0.6956226351890722,0.8056842914064192,0.9524456521739131,0.9090843027505121,0.983140500354477,0.6972920696324951,0.6249858297418439,0.7487853153180059,0.8,0.718320696264844,0.8663679783060307,0.6773604411094729,0.6242242530693809,0.7238975695499488,0.7695238095238095,0.6747458126162715,0.8518518518518519,0.19450137055118155,0.1697851402649321,0.22740854643426073,0.15705164230666555,0.13729593231543089,0.17717470564242763,0.8562444176478319,0.6138166000908721,1.037915272096969,8.274934216211564,5.435044518582973,15.57132045482831,0.04668904079909453,-0.5295109424400068,0.6008283907015456,0.021581014962627244,-0.35429677254195746,0.3133331217048819,0.03526633444225968,0.02561909498111703,0.04110250184106308,0.21552420502359212,0.1593687046313753,0.2743484284458561
depresjon,3,logreg,subject_wise,1034.0,0.0,0.40038684719535783,0.0,0.5038684719535783,0.008431139155784646,0.4992130278946549,0.010808696221330951,0.4962141628577823,0.009739154636723814,-0.001555987437695137,0.0212010543145323,0.4765992675705158,0.008059902777285233,0.38258502373164216,0.007243722518911865,0.2915213142525163,0.004248076566693807,-0.11502801529676565,0.008860198530723954,-0.3669283873547479,0.017676598981495026,0.1853456552272745,0.006911813636268385,55.0,0.0,0.41818181818181815,0.0,0.5818181818181819,0.031491832864888686,0.577445652173913,0.036018250385357525,0.5752368333133604,0.03433918398221659,0.15326872815067547,0.0709335841970181,0.5380434782608695,0.009510869565217399,0.44808091622222657,0.026416076433839742,0.2664077885071681,0.0027912973835671866,-0.12056645601607134,0.05103958957262594,-0.30222617479523634,0.019364035077133256,0.16317634137012413,0.045666107958499035,55.0,0.0,0.4805360760479974,0.3568032192044002,0.587475752407394,0.5475543478260869,0.4260516340432308,0.687761712259562,0.4990328820116054,0.4146077630196413,0.5796655101494624,0.6,0.5142857142857142,0.7058823529411765,0.49073338074718653,0.41355846361956206,0.5782242027466008,0.5934139784946236,0.5102594217136502,0.7001928544636149,0.28742154654465857,0.255552687004042,0.33102616190808243,0.26445069413393374,0.23401323377961644,0.29154605951255375,-0.16155224201326165,-0.6458081354982104,0.20763158772900403,-0.14509152040137036,-0.9198165596722498,1.1711897390775674,-0.3600621772452047,-1.0268385537412605,0.3099972321085162,-0.2996934951610487,-0.7275469845443325,0.1663808678062366,0.17413997484429378,0.07305241560878017,0.26636835700720807,0.16080672739369514,0.07377754732433785,0.21034552078708446
depresjon,3,logreg,record_wise,1034.0,0.0,0.40038684719535783,0.0,0.6079948420373952,0.0043609765501188115,0.6006207469741831,0.003831456886529582,0.5981299636822538,0.004029177467754014,0.19851146202741732,0.007712913680482298,0.6357786608487871,0.009596461188851803,0.5058333480065786,0.0057812905282737,0.2384878315037492,0.0023990706194497616,0.6373632101789168,0.048522491509913064,-0.4055015161755327,0.004789585885841727,0.09332397286910653,0.004657611572357149,55.0,0.0,0.41818181818181815,0.0,0.7272727272727274,0.018181818181818188,0.7289402173913043,0.021739130434782594,0.7238741214800745,0.019516378022049644,0.45252690709258064,0.04208334508635622,0.7350543478260869,0.010784312409230685,0.6233336191142858,0.009721037398896659,0.22263584896075703,0.002223143900543627,1.9422576978604065,0.11155320474262391,-0.3448479330256941,0.0016167887664096361,0.15186287161332404,0.018204765108835393,55.0,0.0,0.6377882967118591,0.5332606070144091,0.716235100399641,0.7391304347826086,0.6151082855653945,0.8421052631578947,0.6102514506769826,0.5217009687294745,0.6712434072434671,0.7272727272727273,0.6393351344332916,0.8142347332177221,0.6005674656237568,0.5016355290909389,0.6629006904269305,0.7239879558380728,0.6442483896124795,0.8135613597382875,0.23752468348287048,0.21775867198666057,0.2590458296763297,0.22258092312325803,0.2013780226793883,0.2432270444829842,0.6922613063401184,0.20897349710955127,1.176892968570604,1.9518345885828272,0.8030138507676495,4.150763630030581,-0.4037701704230106,-1.023028801673612,0.1887527752538526,-0.34477173144778106,-0.7340392327500651,0.0667908477930789,0.09047951479630811,0.035507598976305614,0.18787779082367906,0.1519658146504773,0.07926573398029958,0.21612486230563827
depresjon,3,xgboost,subject_wise,1034.0,0.0,0.40038684719535783,0.0,0.5622179239200515,0.019009056077118728,0.5251298633837203,0.017891587548567584,0.5218155706836927,0.018036950702962556,0.05352472263083757,0.038601065100575635,0.5056023063736949,0.01086353135356231,0.4329186557071291,0.0230981782026175,0.29844503032635045,0.005794483355869707,0.02553656490951614,0.03404180587515698,0.04379313892781905,0.03961846095193976,0.21070974111961718,0.005057745907091417,55.0,0.0,0.41818181818181815,0.0,0.5939393939393939,0.027773186030035403,0.5572916666666666,0.027227641629974278,0.5492243324795596,0.02839478080479306,0.1282324410993215,0.06200233873320207,0.5529891304347826,0.01797385401538441,0.49272037035974287,0.034373895045699265,0.2608783497995877,0.008503857472134552,0.11364963149109282,0.11244265235853673,0.05291941392376942,0.036193054357889456,0.13367188421614243,0.030746858888762656,55.0,0.0,0.5047257285335827,0.38069812438503264,0.5972596086616669,0.5516304347826086,0.42535761744401407,0.6624112053892914,0.5822050290135397,0.49236353860272175,0.6630339418802723,0.5818181818181818,0.4713285494495441,0.6764705882352942,0.5391643454038997,0.4596517222885354,0.6058055749345546,0.5431563741422896,0.44249098296913186,0.6286496732055435,0.28845601183370156,0.2437433335972504,0.35219419001946195,0.25715589517040227,0.218890658514405,0.29978360672877935,0.033106768884253665,-0.3005797782989662,0.2860827718603235,0.1369762749586895,-0.4870450748905822,0.8944874286726083,0.04121464129728654,-0.707134893795579,0.7997238135716538,0.052088523720517525,-0.4139749722764668,0.5170040992782222,0.20598315914130882,0.13359029347114976,0.29425616580105457,0.08034122030843387,0.03559551059806138,0.08718185229067266
depresjon,3,xgboost,record_wise,1034.0,0.0,0.40038684719535783,0.0,0.7111540941328176,0.0029545942585144087,0.6802218066593942,0.0032955512022436995,0.6844636388412123,0.003411558482122249,0.3822864265966073,0.006523453010183831,0.7582826866136824,0.00882519793982762,0.6881526252303752,0.013010303959184023,0.19310180499589288,0.0041620932396470404,0.832762087689516,0.05348054413821217,0.03278065724704183,0.008508216235901114,0.03130623600148457,0.00953167736158582,55.0,0.0,0.41818181818181815,0.0,0.8121212121212121,0.02099455524325906,0.7875905797101449,0.025102185616940234,0.7960152172062019,0.02512451753871635,0.6173258582477753,0.04180209604861161,0.9012681159420289,0.004150883781662893,0.8634271684993591,0.029001946135891105,0.15928439587629142,0.003950221428130777,3.115646554996649,0.2577049616790519,0.04504409613622847,0.0024634908622083763,0.19377945083560363,0.01570072157877824,55.0,0.0,0.7676776531089293,0.7011218285860025,0.8219839373207071,0.8994565217391305,0.8174752229613175,0.9600629369904741,0.7253384912959381,0.6519722735445111,0.7927228626154489,0.8181818181818182,0.7352941176470589,0.8923612841287835,0.6989749056913237,0.6235757849593795,0.761097195235181,0.8035714285714286,0.7127912239259566,0.8847750352426841,0.18902202917171604,0.16220708280004853,0.22667756069924938,0.1589167191134354,0.1349450914118705,0.18505483627875347,0.9272241510913117,0.6542829389773626,1.1730933689138259,3.1668677415893036,2.1417574114081877,5.677716408829347,0.03202609808667869,-0.6049759408302854,0.6228250001049828,0.044964403046725256,-0.3486928139630686,0.4201120243457216,0.03679708339547742,0.028993488148146784,0.040208973191327615,0.17824548916383223,0.1113414507136898,0.2354607401343412
depresjon,4,logreg,subject_wise,1034.0,0.0,0.40425531914893614,0.0,0.5531914893617021,0.017488531257277687,0.5624572795625428,0.02221643480738853,0.5510920516519197,0.01878951937131558,0.12328063539802804,0.04400023077129342,0.5805506793844114,0.0175998374315169,0.43471243409989063,0.017406645567532495,0.25116173088650773,0.004872593120321152,0.3233100694502323,0.080981977635479,-0.3721192645524128,0.04167512726150628,0.11464463565479677,0.0063023371017049785,55.0,0.0,0.41818181818181815,0.0,0.606060606060606,0.03784847271756606,0.6145833333333334,0.0280952285893255,0.6038482245717086,0.03552165252057177,0.227907709574639,0.05412490350116886,0.6403985507246378,0.017732583288452793,0.49586130356905816,0.018454320725518773,0.23019439632336006,0.0037060144185791775,1.0235307058877132,0.19445467496797555,-0.2792436294773973,0.04078520530408324,0.13297969491121311,0.05883770908662153,55.0,0.0,0.5821747032871435,0.47371287124979583,0.6693624255344272,0.6331521739130435,0.5106897067645396,0.7469219209589085,0.5531914893617021,0.46899221159081644,0.6357202517463828,0.5636363636363636,0.46875,0.6666666666666666,0.5521442714427145,0.47506293081181855,0.6357304223406886,0.5634920634920635,0.46196010681007843,0.6678500875070004,0.24831741066281465,0.2204958467464506,0.28377965921317,0.22936523090891917,0.20732471100874322,0.251566622060769,0.3742858683084529,0.1437700184931804,0.6443178577527654,1.0688389043893378,0.4482142965682356,2.1517077682735612,-0.3668753351786137,-1.0795409337466768,0.26575014996740737,-0.278206058806834,-0.7110517997908641,0.1539525687304214,0.10311992652676416,0.05300128785925817,0.14915460454869253,0.0822550860291405,0.025099432446867458,0.1090093378739821
depresjon,4,logreg,record_wise,1034.0,0.0,0.40425531914893614,0.0,0.6144422952933591,0.006996303808578546,0.6307814992025519,0.007012444103762157,0.613956231404419,0.006969408199112184,0.2586079189492732,0.01379273388865665,0.6866197000766379,0.002182092376453958,0.5541754109776004,0.006296773670177233,0.2198841922600959,0.0012250641356151217,0.679986367203985,0.0677081534222404,-0.3835346174703791,0.011878325896062558,0.07857593152718921,0.0021240049948639448,55.0,0.0,0.41818181818181815,0.0,0.7030303030303031,0.010497277621629563,0.7142210144927535,0.009021097956087904,0.7023151526113551,0.010232365645251314,0.4236546001576417,0.017206343076538927,0.7835144927536231,0.002828350542752844,0.7099150956368456,0.004389458527783056,0.20272384382512887,0.0004680745774546701,2.880633213716902,0.04533033541259814,-0.30276011232934,0.008310165328654367,0.10486467247846439,0.012783928312607695,55.0,0.0,0.6890573541291244,0.5881983013313865,0.7545257719020407,0.782608695652174,0.6924970357248919,0.8785555186173862,0.6247582205029013,0.5228801064759048,0.6835051714017487,0.6909090909090909,0.5982807731328558,0.7795758518197875,0.6244828580307233,0.5307143381506221,0.6864342648954485,0.69049983449189,0.6009706930782657,0.7799207889082024,0.21885593430002193,0.1961386053599113,0.24484078394174713,0.20266619851637402,0.18310111659625233,0.22192839679901422,0.7579722079979415,0.44897219280516515,1.1023613656802498,2.9011565275688955,1.720273674662306,4.664237405281446,-0.3816012399972249,-1.0112225772425498,0.22653880270325433,-0.30269312592855796,-0.7144476415081509,0.10964514440697894,0.07880415779282318,0.029363490719903178,0.1720828205726552,0.08380712287729891,0.02523453191913527,0.11454907039402805
depresjon,4,xgboost,subject_wise,1034.0,0.0,0.40425531914893614,0.0,0.5483558994197292,0.009225717615250923,0.5220010252904991,0.009715871062638881,0.5213265655481313,0.009946152319750668,0.045032788947019974,0.019860164556251402,0.5853994490358126,0.011360144091140426,0.44534062999760077,0.015895172140299098,0.27339507761621684,0.006202792382059731,0.2417120648319047,0.046172911285197626,0.017849243569115828,0.04795976190446365,0.18564842512273147,0.012280828135542366,55.0,0.0,0.41818181818181815,0.0,0.5696969696969697,0.010497277621629563,0.5303442028985507,0.005491103103705689,0.5177276524644946,0.00031833849429009165,0.06933708357883188,0.01583814457864909,0.6385869565217391,0.024793869009367784,0.5277624218336007,0.038496867041198195,0.23470042265553914,0.0058539810738507505,0.5990820793004048,0.10292592234117072,0.11381567516529588,0.04007644439343076,0.11427034623920918,0.008530081134069552,55.0,0.0,0.5872856210774872,0.4899642268489399,0.6767501905375815,0.6508152173913043,0.5265775736667649,0.7687079377817192,0.5541586073500967,0.47332382080181,0.6273273352666455,0.5818181818181818,0.4717233250744646,0.6863766274700666,0.5267123729713897,0.46375265094729745,0.5851841532375092,0.5180952380952382,0.4117493587736705,0.6296968863768301,0.26571372849836367,0.2251727880821078,0.3061619501230083,0.23233387488348706,0.19612177722418214,0.2668350918515687,0.2784168656946913,0.047669030895523275,0.5221545447303265,0.6527674844494142,0.13609629289189162,1.8788627440051,0.016999000648983225,-0.7915965746322137,0.7304572421619351,0.11231351337098938,-0.2902470523779373,0.5788873888164627,0.16439269862891617,0.0934637262278211,0.2379120022251252,0.11310782669620081,0.07045453750051225,0.14780889565521174
depresjon,4,xgboost,record_wise,1034.0,0.0,0.40425531914893614,0.0,0.6708575112830432,0.009541359501578773,0.6551891091364775,0.01125108505176028,0.6559871990662688,0.010978996320710026,0.31258344397865656,0.02139624898327196,0.7456444572174238,0.0011103222225051018,0.626457437572316,0.0062219523362798,0.20093615332069695,0.00022930678667888214,0.6986470541867044,0.002737763051592144,0.014307603754312129,0.03567354933011874,0.05977506333636931,0.003169564195127951,55.0,0.0,0.41818181818181815,0.0,0.7818181818181819,0.018181818181818188,0.7554347826086957,0.028076057499689958,0.7613528764251609,0.027451269571816518,0.5539829496626021,0.0326502582803586,0.8971920289855073,0.013744556979613716,0.8361792241202534,0.007772983557345125,0.16458216960722397,0.0008478343213116504,3.674847035750679,0.3388133238286746,0.08323688285771873,0.029733154834460852,0.19090885461279838,0.0056421154973911635,55.0,0.0,0.7522758342136333,0.6759046013859595,0.8131768927696679,0.9008152173913043,0.8286613238899524,0.9615168227021147,0.6847195357833655,0.6137403306435714,0.7443466083997873,0.8,0.7058823529411765,0.8857142857142857,0.6708845434343671,0.605049171503133,0.7222913377318629,0.7815095702419645,0.6854161143253156,0.8784859005384656,0.19654049819320052,0.16812964207709835,0.22511799221629222,0.16426357287633567,0.1411812258714865,0.18549037277696276,0.7724457570921979,0.5617844927107197,0.9966051070937357,3.791855249584757,2.4865263123480905,7.835858049245017,0.013846752798454168,-0.6433796450399419,0.626689281957931,0.08306088749922533,-0.25747349673717657,0.5008619155035381,0.03551182837871298,0.022932370856296957,0.03452650105476668,0.187189804288474,0.11795950455513453,0.2352473378296137
psykose,0,logreg,subject_wise,1021.0,0.0,0.4505386875612145,0.0,0.6007182500816194,0.004831422979741725,0.596413624738433,0.005232126190865547,0.5964691877007313,0.0051770990685756175,0.19297109767572648,0.010319490977967576,0.6325673615954946,0.002807089022864062,0.5949329174161173,0.0056973486380457765,0.2452928171260372,0.0017717625664722696,0.39555074190588996,0.05171021222860949,-0.17900316436355598,0.02298204384185492,0.09405828175886623,0.00581440413531876,54.0,0.0,0.4074074074074074,0.0,0.6975308641975309,0.01069167165165972,0.6998106060606061,0.007823253618304118,0.6931725046973171,0.009391047873239175,0.393620039171204,0.015641906763143087,0.6875,0.0014204545454545858,0.5886288118148914,0.03537315070808653,0.22602285966359478,0.002553581479792068,1.3265369786691619,0.3241472058757847,-0.3097717892506305,0.021756666689561988,0.1499800167176823,0.035829839352994386,54.0,0.0,0.6374951561652329,0.5423932404482232,0.7089985346464353,0.6974431818181818,0.5785284920364241,0.8101607740329981,0.6111655239960823,0.5337854022827477,0.666864379064632,0.7222222222222222,0.6121000841488119,0.8,0.6067655758714057,0.5309137012192797,0.6649837454450327,0.7174747122427625,0.6235782030464924,0.8106780076806476,0.24205918126053416,0.21755553029687183,0.2760158207852278,0.22466151577360371,0.20299464565885056,0.24619188447320753,0.4578015591689063,0.11892721860825758,0.7388663336342759,1.4550491054178274,0.40244943020878227,2.9558250632548897,-0.1764781053593035,-0.7435336553875918,0.509461706436033,-0.3081595022209025,-0.6926099218645526,0.11618328018566387,0.09389704461895002,0.042183446350611234,0.14728328801117632,0.17824741849541043,0.08710101201877293,0.24453077052945502
psykose,0,logreg,record_wise,1021.0,0.0,0.4505386875612145,0.0,0.6604635977799543,0.0022619011525548756,0.6565863235939963,0.002568573970598266,0.6567373898599821,0.0024898877778956456,0.3135191072302564,0.004945361437850996,0.713155209382831,0.004057954812838426,0.6581083394665677,0.008388932433027189,0.21711448051329452,0.0011059620373731782,0.7213673685691041,0.024969347060101888,-0.1981728291421849,0.009127252935199755,0.05296850008559078,0.003943172320047969,54.0,0.0,0.4074074074074074,0.0,0.7962962962962963,0.03207501495497923,0.7997159090909092,0.03340334095541152,0.7927586170628582,0.032690520042393464,0.5909323905411479,0.06547541386224108,0.840435606060606,0.009242055537851847,0.7784986281599733,0.003378165458263241,0.19574311669381209,0.0011730272509264316,3.6707087777977967,0.16096468048062235,-0.31102610723356133,0.0057243179324751306,0.20507133115846155,0.03582168366860538,54.0,0.0,0.7142834999612493,0.643643181827926,0.7685414440946076,0.8423295454545454,0.75,0.9297097730695575,0.6660137120470128,0.6111141792757887,0.7145120145164705,0.7962962962962963,0.7217763035227039,0.8811050854093075,0.6627787931707477,0.6089148823992446,0.7122187958913772,0.7928147889780258,0.7101538378850519,0.8782855466644776,0.21590765014529475,0.1960856555474826,0.2407249266791666,0.19569451701107463,0.18033712706827312,0.215048736131021,0.7877162825882015,0.4438227013962519,1.0544597745688047,3.6918547900362224,2.1456326673295747,6.165457558677041,-0.19702936943918395,-0.7259750569754351,0.4608914338114352,-0.31096344323413516,-0.675605987360648,0.07262317204583292,0.048496322518317425,0.018236762083117287,0.06340351699754346,0.20337652350542892,0.13364661325086194,0.27464466632727247
psykose,0,xgboost,subject_wise,1021.0,0.0,0.4505386875612145,0.0,0.6000652954619654,0.003148433157359734,0.5936668475031647,0.003239252103464285,0.5936928489536467,0.003199334218919511,0.18865759327899703,0.006124357249735111,0.6326784468728203,0.0027343875865553546,0.5809463141356209,0.004454922294397708,0.2619167312041737,0.0021351236092316253,0.3065203950363507,0.013414423388067693,0.043876006504925395,0.08057664510544152,0.15492132315919938,0.0059686044431052935,54.0,0.0,0.4074074074074074,0.0,0.6666666666666666,0.03207501495497923,0.6500946969696969,0.029329319443084423,0.6512836261802893,0.030279464734960213,0.3042355765293097,0.061843648305483674,0.6742424242424242,0.011827647724239389,0.5784574756700357,0.0178935280362313,0.22045987775900744,0.0019352176369922427,0.9328309643691096,0.16233605279110686,-0.11970266545214313,0.0725072708998655,0.10948479695268616,0.04697250240563314,54.0,0.0,0.6391963109354414,0.5524712421599368,0.7094604534310566,0.6803977272727273,0.5747074168221874,0.7879647502835557,0.5984329089128305,0.5240072646056947,0.6642959869864727,0.6666666666666666,0.5757575757575758,0.7575757575757576,0.5917115324594258,0.5258864595062785,0.6614152793166123,0.6493506493506493,0.5523583674477368,0.7509157509157509,0.25349612224529494,0.21920386156939334,0.2937489885981009,0.21725412794354815,0.19248109757581627,0.24557135180125592,0.3540870206823638,0.10788393980395546,0.5688048170468865,1.1101222165711269,0.4390269977125776,1.982385482552196,0.04097942669508698,-0.6258403795731243,0.7568774961227878,-0.11838132380802466,-0.5301290892022451,0.30894307915272157,0.13841338246425908,0.08164412081480603,0.1896835506029441,0.08661646285542735,0.04007813832929192,0.11428422820795983
psykose,0,xgboost,record_wise,1021.0,0.0,0.4505386875612145,0.0,0.7280444009141366,0.011766778511877326,0.7219322379808313,0.012478398634553047,0.7231113905940498,0.012435295900138749,0.448005642081434,0.024270855687962386,0.7915994988245627,0.004282896824696072,0.7468994509982353,0.004206815889335329,0.1849714649760581,0.0019205251230914504,0.8169818684855731,0.021411262362388873,0.057306325356014466,0.018427281880639614,0.04171900572653566,0.004202560972033876,54.0,0.0,0.4074074074074074,0.0,0.8703703703703703,0.0,0.8622159090909092,0.0,0.8647584973166369,0.0,0.7301586410405526,0.0,0.9256628787878789,0.005740698699328709,0.919820232100601,0.011411131635994623,0.1425363788616035,0.0012540144284956837,3.1951433601250367,0.12215263564256579,-0.07519097801167073,0.018620985211749323,0.19957631688427044,0.005445150789115763,54.0,0.0,0.7989537316903046,0.7230253043668482,0.845869163548239,0.9275568181818182,0.8641977969217285,0.9804564214446432,0.7335945151811949,0.6783358674386095,0.7813825303173317,0.8703703703703703,0.8055555555555556,0.9373210943789299,0.727955236512962,0.6791566843401047,0.7723881640235672,0.8647584973166369,0.7922077922077921,0.9363254805559248,0.18079727210776286,0.15663328546731964,0.21211457720257854,0.142245784839522,0.1197292314168582,0.1644548053971809,0.8929375074437662,0.6406239738919911,1.1313753265377968,3.222238373102525,2.3168500317564558,5.91878013056435,0.055923173534135555,-0.5202000452400778,0.6948821744793114,-0.0750838436993994,-0.4170458078824107,0.3107644252819487,0.034336414888690915,0.024922596347583575,0.03217448997289675,0.19642752174426006,0.12902764648613876,0.2528024145524332
psykose,1,logreg,subject_wise,1021.0,0.0,0.3809990205680705,0.0,0.4632713026444662,0.010178555186496845,0.4732151573329862,0.008205607323026618,0.4604681360164238,0.009316993298087597,-0.05230836623831423,0.016055974921067008,0.4558311097371818,0.010451352936842283,0.3585977851380327,0.009685433248851245,0.2914878176633065,0.0017837453152432594,-0.2959232804238587,0.03310165369486771,-0.5234669861861786,0.022728194616601687,0.2127317542632582,0.0095627547580382,54.0,0.0,0.4074074074074074,0.0,0.4567901234567901,0.046603916267103404,0.4659090909090909,0.04509803371132824,0.45501612463099966,0.0450458787249999,-0.06763679075100433,0.08906604870566387,0.4621212121212121,0.021557864465591273,0.4038822881672805,0.014753394516289124,0.27317823081126064,0.0010509316384890446,-0.6101442861172034,0.1621609288013929,-0.44111699826853984,0.028218256316706374,0.1628570272009846,0.006665358408684742,54.0,0.0,0.45587924245875505,0.3237562684872309,0.5610163643962673,0.4517045454545454,0.32573679203152256,0.5899410676621368,0.47698334965719885,0.3872952599011095,0.5603360535975349,0.4074074074074074,0.3125,0.5144947213653303,0.47367069544734913,0.38849904211124786,0.5564034612262967,0.4074074074074074,0.3125,0.5126915267137991,0.28850972318362367,0.2581509812799761,0.3264302739700289,0.2723516082692727,0.2527530155008625,0.29373663475888706,-0.3516337149592351,-0.9591474433675616,0.07087226223658705,-0.6533022227897303,-1.8195904102614837,0.7920721460279397,-0.5170637816267171,-1.2081733014830702,0.19769384678440743,-0.4396974523736011,-0.815083133291233,0.08034569401239898,0.1945091257200541,0.09446054282417912,0.2764750256433791,0.16375041237867927,0.07482074149007366,0.21283647201125258
psykose,1,logreg,record_wise,1021.0,0.0,0.3809990205680705,0.0,0.5811296114920013,0.00246484963606622,0.5855481164513575,0.003732384883482593,0.5748967496193388,0.002779903313374043,0.1662018692089996,0.007227598417403084,0.6084897985747291,0.007194973179619896,0.4875797056290772,0.012758322402202312,0.24509065830439844,0.001966534140156221,0.38884942495507735,0.042275686477566736,-0.47748050195241615,0.010194638262875411,0.12711240758273723,0.006616844360261412,54.0,0.0,0.4074074074074074,0.0,0.5987654320987654,0.02828750428985088,0.6164772727272728,0.027100545494799635,0.5985471435156969,0.02807413613952953,0.23149156210436794,0.053059902575725786,0.6889204545454545,0.007516338951888003,0.6029807958979188,0.009465600129059611,0.2317768200507524,0.0014536773598703163,2.244393292083694,0.1406050950639382,-0.3967813971052097,0.009190631161307429,0.1083578821143516,0.0020168786567000383,54.0,0.0,0.6110686277700043,0.49440056266780424,0.7005173420743476,0.6889204545454545,0.5588494683022441,0.8040636668910159,0.5857002938295789,0.5055576186726738,0.6598025584947245,0.6111111111111112,0.5,0.7027027027027027,0.5790847876872338,0.5054857412294887,0.6577143511393718,0.6109777015437392,0.512802789946259,0.712171052631579,0.24346648913181287,0.2251948201771392,0.2688636090446999,0.23170438491192566,0.21726757750775416,0.24779788739813288,0.5034673877371948,-0.11850513341139335,1.1373391035412195,2.270519693806354,0.6894953782870549,4.53878566440089,-0.4742554423118812,-1.0938685822257361,0.15567184037884343,-0.39667013843026744,-0.7484470676603864,0.06686202463171793,0.12263428440257623,0.04206208123375724,0.21870690239462764,0.10641262223100378,0.03983033146857861,0.156925881877835
psykose,1,xgboost,subject_wise,1021.0,0.0,0.3809990205680705,0.0,0.5305256284688215,0.0318478573901592,0.479766630872192,0.03219885820316082,0.4741405309090913,0.033414426132658936,-0.043024196751231016,0.06843480056249823,0.4256810441139783,0.026035118313235912,0.34611938313380747,0.01896894269560937,0.3191179871856074,0.011685618160982677,-0.21417852269773988,0.058032909090995316,-0.024301484466403733,0.045009622079301946,0.24707525087367843,0.020568396809216176,54.0,0.0,0.4074074074074074,0.0,0.5,0.05555555555555558,0.4573863636363636,0.05397727272727271,0.4453239112245784,0.05451202562818354,-0.09196221144929495,0.11668587505502363,0.4275568181818182,0.047791488185399765,0.3969822660909093,0.03716415044248553,0.28958438182454965,0.013503707776217325,-0.48243968647194785,0.20950026504647726,0.033577891950339216,0.03616232356693134,0.23122322071849566,0.08502944145824756,54.0,0.0,0.42058100940418475,0.297483485354701,0.5328428926200122,0.41335227272727276,0.30158730158730157,0.5486052948182297,0.5377081292850147,0.4466541322561066,0.6376542454231587,0.48148148148148145,0.36363636363636365,0.5714285714285714,0.4804295325168191,0.407118934251676,0.5572703580877272,0.4166666666666667,0.32561408756055227,0.5143385753931544,0.311156443193985,0.2538901040522904,0.38638922614301935,0.2877603623988667,0.2528097227834056,0.33518588239938235,-0.26625314536411304,-0.6817944801050166,0.10077744018391427,-0.5230169699675954,-1.269634778226784,0.13391861620358486,-0.023403715714254338,-0.8749080983749732,0.837067284666646,0.03330555829670784,-0.38057695207771025,0.6246466519528825,0.21860380817923503,0.1391355624319497,0.29476111513440056,0.24343626490897596,0.15314407529352703,0.3283151599934107
psykose,1,xgboost,record_wise,1021.0,0.0,0.3809990205680705,0.0,0.6807051909892263,0.0025913333115225807,0.6351749861703166,0.0032497254992124194,0.6381256718917491,0.0038089812781780027,0.2938031893598197,0.0030717484742198136,0.7010944431789833,0.008335420036788352,0.5989635829449511,0.012284682229177887,0.20962370780715697,0.002824648866940068,0.6966864396749944,0.03892594904874103,0.04025472244251758,0.029120128640947332,0.04857918630629885,0.006903520653875876,54.0,0.0,0.4074074074074074,0.0,0.7592592592592592,0.018518518518518545,0.7140151515151515,0.023094220451244672,0.718945895307011,0.027204295865040463,0.5115816057531263,0.03878587285567342,0.8551136363636364,0.00887073579317952,0.7977514890516022,0.005352098526670317,0.17933063905598756,0.0025730820465103264,2.718123885720347,0.043261516391219786,0.10109534710855679,0.027941327962702663,0.1490303095844057,0.02233144159911532,54.0,0.0,0.7128469623507209,0.6365070048420713,0.7813737287198702,0.8636363636363636,0.785900290704899,0.9259162046547545,0.6904995102840352,0.620455417706555,0.7710579203589334,0.7777777777777778,0.69299393204452,0.8611111111111112,0.6468365515127632,0.5847881880837895,0.7222709817266176,0.7424483306836248,0.6352941176470588,0.838788124815352,0.20469259226403916,0.16626399621468407,0.24170318388821246,0.17895434145221673,0.15400793454404815,0.2021019730904148,0.8076126975498412,0.5066501106430199,1.130903103367662,2.78578017757087,2.0186839138504804,4.030460035348473,0.039345002062604224,-0.6146147825687639,0.724330366925537,0.100918166038387,-0.24471431953512426,0.5233362545197419,0.023757945257261843,0.017385446424113854,0.02329050295011719,0.18349633283085293,0.12336837446437088,0.24067992479108646
psykose,2,logreg,subject_wise,1021.0,0.0,0.435847208619001,0.0,0.5370551746653608,0.015558279539593682,0.530924885559717,0.015829807834803703,0.5307387973331897,0.015763270857362493,0.061673109258490295,0.031563116195524855,0.5278564554723262,0.024403390623141702,0.4561667253334076,0.009946418493246251,0.27234495907128936,0.006044603628694166,0.0485651960940241,0.05211594817896846,-0.21338228031481718,0.030702173313517125,0.1377611316276256,0.020088146444878392,54.0,0.0,0.4074074074074074,0.0,0.5555555555555557,0.01851851851851849,0.5492424242424242,0.023094220451244672,0.5468680275272532,0.021662992553290704,0.09710783460648915,0.0452758703219351,0.5606060606060607,0.04433851272200552,0.4831957288113838,0.0496669056701287,0.24543072266304353,0.006421033003882385,0.5350612799361776,0.39379587070153177,-0.2825029637999126,0.026923819601133863,0.11247583613020279,0.04261790252358182,54.0,0.0,0.5306921036204744,0.4386810041314518,0.6169970449523675,0.5625,0.3877510202713556,0.6558268862087213,0.5426052889324192,0.4580795085218809,0.6059751973358827,0.5185185185185185,0.42424242424242425,0.6176470588235294,0.5353016450353149,0.4712927430249153,0.5971279827985682,0.5077138849929874,0.3959074886290747,0.5925925925925926,0.2690309158748425,0.2447206314288058,0.3012527438712843,0.24455349358978362,0.22668479518937737,0.2631964215326357,0.06583660751115228,-0.28432518241440774,0.47644022856665874,0.5828256846395695,-0.8409263475671835,1.6859554621624746,-0.21048805234873946,-0.9575794170908174,0.5072202467435548,-0.2816317693600492,-0.7891450579251834,0.1422211510935891,0.12799810497674444,0.0685170875259341,0.19489992481854165,0.08452504138166335,0.03844380128066656,0.11257610488043067
psykose,2,logreg,record_wise,1021.0,0.0,0.435847208619001,0.0,0.6033300685602351,0.0019588638589618235,0.5997997295047858,0.002680705049518818,0.5989402137816956,0.002429617593054919,0.19860388622248903,0.005149563984483783,0.6348490168539326,0.0012478312369304443,0.5391190880869087,0.004835784238599389,0.2387011982579399,0.0005149536572559958,0.5358310122773785,0.0404096760541188,-0.2568477981578019,0.0048003343212571145,0.06884493962085321,0.002645808793882728,54.0,0.0,0.4074074074074074,0.0,0.6481481481481481,0.0,0.6510416666666666,0.004100499070949035,0.6441152117205327,0.00171522931461828,0.2971224440992641,0.007601798618124604,0.7490530303030303,0.0021697801585965283,0.7254406129514069,0.010628303864102654,0.21813016045127007,0.00023171697927206126,2.7131536686336695,0.05323229769422904,-0.3176398774709798,0.004001224401865175,0.1352199185963192,0.008204517757496777,54.0,0.0,0.6347534332084894,0.5576851684199391,0.7133992146635931,0.7428977272727273,0.6259286694464495,0.835194332310191,0.6131243878550441,0.5510169767859998,0.6731157509879885,0.6666666666666666,0.5522035237524395,0.75,0.6078868895701286,0.5463677511991711,0.66901953990832,0.6625,0.5475971964402738,0.7501608289965163,0.23764887707430593,0.21768415640534347,0.25882851249701283,0.21808146334896217,0.20316641020474244,0.23595730150685412,0.6649671251538919,0.2741252635013876,1.070793114351447,2.7326242270657097,1.2691563751786041,4.89660100250914,-0.2556484289313873,-0.9599686373748738,0.37726050118978155,-0.31757692249064096,-0.7808494458390387,0.08476645133082461,0.06315826567966482,0.02878500815710372,0.09358924046754452,0.13028508547034665,0.07084058834381447,0.21042379926004584
psykose,2,xgboost,subject_wise,1021.0,0.0,0.435847208619001,0.0,0.5070192621612798,0.012167577638644617,0.4911016177694549,0.012646604242594893,0.4890752111475556,0.013159414217250543,-0.01824282304585552,0.025939220998792867,0.47431010715771954,0.02140321840966193,0.40461101411028144,0.01111500936842158,0.31418392775731113,0.009246470892615722,-0.09519966085651389,0.0691826796531628,0.07752075562684267,0.04942145543625069,0.21017798637211751,0.01935943174630395,54.0,0.0,0.4074074074074074,0.0,0.5246913580246914,0.010691671651659785,0.4711174242424243,0.01148139739865735,0.44519205209994683,0.019572815377151203,-0.06992947421840609,0.030679381308578182,0.46401515151515155,0.039806533251863035,0.3911308494044836,0.021178075168469288,0.27032080328923797,0.011796776439482229,-0.2460115578584021,0.2917284162082296,-0.020513028889777962,0.048236290460435136,0.13755067378098582,0.0368355863272574,54.0,0.0,0.4721715043695381,0.39145429355523537,0.5534623066363928,0.4602272727272727,0.3257846705816707,0.5820781552600462,0.5093046033300686,0.4411588218252542,0.5782128063909752,0.5185185185185185,0.4332404217134916,0.6341730128845336,0.49052961828639724,0.4274222808750598,0.5425097149059203,0.4419713831478538,0.35510373541130874,0.5465940526490335,0.3053982226578508,0.2639744791064336,0.34494377052133396,0.2682284579325014,0.2380406907431451,0.30142734166676827,-0.12027974911691407,-0.3995480078673027,0.17198002834416368,-0.29757719151855505,-1.2650471253429645,0.5444148157715492,0.0738498671942425,-0.7611087161357579,0.8597975390690973,-0.020528341036538656,-0.570256254046994,0.44802182191996087,0.1982410868956369,0.14319971973015802,0.2592733171689795,0.13281740662124422,0.08894005596078591,0.168926719451742
psykose,2,xgboost,record_wise,1021.0,0.0,0.435847208619001,0.0,0.6516487104146262,0.003708069438981546,0.6393869642114024,0.003144399367062947,0.6402976487378716,0.003198192355447055,0.28389914553999357,0.007019586919006915,0.6973353620474407,0.006659454780047106,0.616079872726573,0.00220405851838615,0.22134941768652694,0.002713846032439978,0.6661500608612139,0.040838735963964576,0.05121333400050653,0.01775952409300273,0.061074648979823835,0.008554235636525737,54.0,0.0,0.4074074074074074,0.0,0.7962962962962963,0.01851851851851849,0.7642045454545454,0.022727272727272707,0.7736263479406548,0.023497321255046406,0.5795587365379751,0.038004512941898494,0.8645833333333334,0.005377754115341169,0.8269283260818642,0.005387404613484454,0.18014717222152296,0.002247507624555796,3.415867969802362,0.41403730456001764,-0.02682460480392383,0.012844840065090755,0.18382286790896343,0.01900424321589389,54.0,0.0,0.7067610799001247,0.6336161164751332,0.7709706669684175,0.8622159090909091,0.7790018601506801,0.9439151857295153,0.6513222331047992,0.5957084170905885,0.713875341940121,0.7962962962962963,0.7329918809979288,0.8783568384201855,0.6386774822060519,0.5865861385840756,0.6900331484189735,0.773886562618957,0.6906978134143317,0.8587116592562806,0.21683663619382232,0.18702396818140166,0.24498701312094823,0.1798935655328257,0.15594687488857462,0.20001123229358783,0.7526430768099432,0.4732919254335665,0.9826045052307066,3.5014941568077225,2.209734300042254,6.6910852135901555,0.04999321538504426,-0.6263960240102399,0.6883702970947807,-0.026812658746807473,-0.4654302839016756,0.3778408711476559,0.058874894371374824,0.025451184276257355,0.07370928692802438,0.18273921586849076,0.12088702168278052,0.22071363005494665
psykose,3,logreg,subject_wise,1021.0,0.0,0.4378060724779627,6.798699777552591e-17,0.43911198171727067,0.01848853429287335,0.4298023732873954,0.014660657304427843,0.4292830225847559,0.014061985738021988,-0.14064211501214305,0.02832285810699027,0.41952219857769046,0.02118703243801497,0.40467199057327274,0.009345574103370249,0.28235017602467455,0.005916995091949727,-0.13714233759678984,0.07812626457385118,-0.25597187218716777,0.03145380303139135,0.16548488685895482,0.022194822836777914,54.0,0.0,0.4074074074074074,0.0,0.3703703703703704,0.03207501495497923,0.3480113636363636,0.04000036318275205,0.34652619385222144,0.04218420424793268,-0.3058105178502548,0.08485812775905403,0.30113636363636365,0.03714970690517619,0.3640677752783043,0.028341826928467602,0.2737049464846006,0.005735747158843581,-2.122862919725153,0.6034933038175968,-0.34302392011267546,0.031074551132123797,0.19920283913342998,0.01988957068512203,54.0,0.0,0.40905884370444856,0.3243648322356393,0.5220033099972565,0.29261363636363635,0.19423027412385185,0.4046670452149353,0.43192948090107736,0.3621534318734722,0.5080167891667678,0.37037037037037035,0.2777563553539043,0.4594594594594595,0.41817188580770925,0.3555480483744917,0.5025565453666595,0.34801136363636365,0.27142410962224445,0.4332540049942218,0.2793316887249225,0.2567753743462116,0.29756197887097285,0.2727112994553293,0.257528527442273,0.2847878498320477,-0.24746325108056338,-1.0544888102717127,0.2727876713571742,-2.5349837136987685,-5.772688139388414,-0.4236860646258614,-0.25256973741172095,-0.8833133495126869,0.40066259431981643,-0.3416724088857163,-0.7836225376398915,0.10874390280453122,0.16266968275126678,0.0952550669205132,0.20821611017096833,0.21168349823481492,0.12474112010339541,0.2809328573516051
psykose,3,logreg,record_wise,1021.0,0.0,0.4378060724779627,6.798699777552591e-17,0.535096310806399,0.004416503185918594,0.5298525204811013,0.006646987775332454,0.5294942734434226,0.006229590663481423,0.05948836120355402,0.013064530290128093,0.5514762242540929,0.002209555568787325,0.4961361638354398,0.0008346527050238234,0.25064070619451756,0.000948919524528759,0.22311723546072673,0.009762111534568832,-0.25750160079222323,0.013471324887250563,0.06995030187589119,0.006727942274844284,54.0,0.0,0.4074074074074074,0.0,0.54320987654321,0.01069167165165972,0.5127840909090909,0.015364565094306809,0.5088766230574674,0.01998894182270761,0.02610370527534017,0.03213058461411898,0.5374053030303029,0.014228200001246903,0.5166435580691996,0.009212814116032135,0.2456725848506182,0.0010221140513829224,1.0616403528824458,0.19567296670737594,-0.340948973804291,0.012244697324551978,0.13209497638711698,0.0029940442509598306,54.0,0.0,0.5535587618579925,0.48520481439856666,0.6366454863817471,0.5369318181818182,0.41911122252505945,0.6623856888153912,0.5308521057786484,0.47907872216905717,0.5838966417424266,0.5370370370370371,0.452543080560956,0.6539675319235895,0.5263080408468861,0.4760395792470696,0.5808616754666888,0.5085547870404077,0.42045454545454547,0.61979190801424,0.24947036448886914,0.23381312705566043,0.2610066995671238,0.24560801670154575,0.23504330764763132,0.25525547113546787,0.23734481037221347,-0.11755972969894928,1.0425731700458636,1.0796538244374043,-1.5533391089403183,3.6932893498247625,-0.2562028036930509,-0.8482389429064168,0.35079301189303785,-0.34087180743355083,-0.7574977041509572,0.08444965070204334,0.06897728764161992,0.019281708883003183,0.10722192473997029,0.13209497638711692,0.060627494893041325,0.23043587073342497
psykose,3,xgboost,subject_wise,1021.0,0.0,0.4378060724779627,6.798699777552591e-17,0.4926542605288932,0.010594176127710056,0.47387409156929533,0.010009342552566225,0.4692475688874284,0.009760332338416467,-0.05422867556939782,0.02053303149776442,0.46490865675674975,0.001945889959996081,0.426859418157237,0.00677612658247326,0.3086457702875932,0.001154067643395801,-0.0982543008065353,0.01279053249069246,0.06130456769910861,0.027726767348871296,0.2351662375232362,0.009159549678644406,54.0,0.0,0.4074074074074074,0.0,0.5555555555555555,0.04899539464934426,0.508996212121212,0.03877953641940014,0.4945338208936921,0.03149373778707967,0.02557806951932849,0.08832333552076913,0.43986742424242425,0.009457852441021855,0.4250828685374106,0.022033917613374133,0.2697491944242431,0.00269375468691463,-0.3559844917936657,0.04530099780196682,-0.04518329647603462,0.026641122887282254,0.17543588169378999,0.020829887460148116,54.0,0.0,0.46110149740040063,0.38362742301999925,0.5630934036155558,0.421875,0.3188714239026799,0.5518912473874713,0.49951028403525954,0.42333390584677183,0.5695291258704891,0.5740740740740741,0.48475703482906524,0.6875,0.4712605587056433,0.41530362858883196,0.5500444297066263,0.49818181818181817,0.42567830058609657,0.632105367725111,0.3011317420935264,0.263216297461904,0.34295852714164266,0.26760297160722135,0.23987177392185888,0.3001647641908064,-0.12299990453216368,-0.41207619079183955,0.23485855654800492,-0.41250094436853807,-1.2339553668749927,0.7326237058240405,0.05891267562222966,-0.6731331326540243,0.8043240846618358,-0.04481901364710281,-0.5318594823427542,0.40669076580340946,0.2131452992627804,0.14823046931984346,0.27303027092485693,0.22222939285415186,0.1301454209659537,0.2991646284939462
psykose,3,xgboost,record_wise,1021.0,0.0,0.4378060724779627,6.798699777552591e-17,0.652628142344107,0.0053942904478806045,0.6368570181387336,0.005943627023443797,0.637218423474707,0.006211232917940685,0.283566816509854,0.011665327083505149,0.6906106525111273,0.008549680847147335,0.6563910725828012,0.016327065305706878,0.22013747928778107,0.004135346962358081,0.6993924199497149,0.05759565127639043,0.004056084264176069,0.022424343411598793,0.053312067168670825,0.005212878383410126,54.0,0.0,0.4074074074074074,0.0,0.7962962962962963,0.01851851851851849,0.7594696969696969,0.019285427892439668,0.7697271145901284,0.020921255638733392,0.5866546647860972,0.04316287995484625,0.8910984848484848,0.01853860980156425,0.889739540657421,0.013717997562202138,0.1803019416917722,0.0034258769380218677,4.196539428305045,0.5284213366844087,-0.09664625465340497,0.026349042977238717,0.17663968979944414,0.01645484989142036,54.0,0.0,0.7005062787924141,0.6436386983713707,0.7677690612135551,0.8977272727272727,0.8050947226535933,0.9591557213266143,0.6669931439764937,0.5988986623607462,0.7332351002672214,0.8148148148148148,0.7295893391115373,0.8773237691077749,0.6496762578311697,0.591204296716053,0.7187656002741245,0.7916666666666667,0.7056494878255851,0.8677629804231639,0.21556518433247965,0.19314435235106564,0.24148156434094367,0.17985152934390025,0.16406288307029018,0.19938841746485453,0.7960394140118539,0.5643142016492344,1.0844068155553632,4.382672008506385,2.709399936901976,9.817446839878842,0.003989119792070184,-0.6045837224772167,0.6685602137759115,-0.09648474952216596,-0.4595076394142212,0.31405025615512877,0.04532269928805041,0.026780272467549993,0.04766802905514672,0.1957342944763325,0.12581545580342207,0.24322582139647472
psykose,4,logreg,subject_wise,1021.0,0.0,0.43192948090107736,0.0,0.5889650669278486,0.01725394745246331,0.587678864649308,0.020792386795564166,0.5853345787576726,0.01926578609043257,0.1740187979032181,0.04080051891305561,0.5868369953345323,0.010039929465614949,0.5106462025143254,0.015413198481177993,0.2571664145891122,0.002996924958737564,0.2363859954586085,0.03421185576901193,-0.2385081620414902,0.018223949767635722,0.11922472260922963,0.013076883698888465,54.0,0.0,0.4074074074074074,0.0,0.6790123456790124,0.010691671651659785,0.6723484848484848,0.015581896469606357,0.6702748985067175,0.01349758513237172,0.3421514971907953,0.028677955836996543,0.6510416666666666,0.020551642437699476,0.5942515336704817,0.06193003692372505,0.2322781543773947,0.001184821165543264,1.054812788680098,0.0345218123054398,-0.2818333166484807,0.028926174790580423,0.16596009703646472,0.03501162352468575,54.0,0.0,0.5917272656188912,0.49807777430114747,0.6711908770621186,0.6633522727272727,0.5343982394851383,0.7770929233707378,0.5954946131243879,0.5296463909264779,0.6587262043562006,0.6666666666666666,0.5588235294117647,0.75,0.5926041862914173,0.522765316793949,0.6590825189243208,0.6591865357643759,0.5608632049919862,0.7466068122716285,0.25428091546085063,0.23188901493179354,0.28374295374990877,0.23129215979335008,0.2094904057848211,0.24925923414713283,0.25510651980965277,-0.051828504519206536,0.642638340986566,1.1486585131929063,0.22006539981686057,2.935502689215326,-0.23534258816271048,-0.9198499936668803,0.3718630619098573,-0.28064359436049074,-0.6278400733513262,0.20154414938618234,0.11746840547120833,0.05198079265315838,0.1851880168758916,0.15222401285375534,0.08530105969016065,0.2126171926353605
psykose,4,logreg,record_wise,1021.0,0.0,0.43192948090107736,0.0,0.6363042768527587,0.007607691934528942,0.6365913415174499,0.006987644860070694,0.6336788155221279,0.007310459611676575,0.2708059871508439,0.013952320616646972,0.6736127401152032,0.0014115726433881906,0.5992191731616326,0.009422561222741004,0.22882308983283575,0.0008989360880056973,0.6464724608941377,0.030775912785296507,-0.27079195316412125,0.012406152972427557,0.06813027934030967,0.007327604808681026,54.0,0.0,0.4074074074074074,0.0,0.7654320987654321,0.021383343303319504,0.7594696969696969,0.018042195912175808,0.7582318628075991,0.020186187572273723,0.517161786089908,0.03916329893559451,0.7883522727272728,0.00246029944256953,0.7917324395891936,0.0028293697254709264,0.20379894755080608,0.0004865037075912837,2.8083356321901447,0.09889277141713891,-0.3102120724843275,0.007022853955865614,0.17866783517294108,0.02475803260426177,54.0,0.0,0.6746891860192353,0.5851185769923575,0.7407213630250538,0.7855113636363635,0.6793965719038876,0.8886328033902068,0.6376101860920667,0.5625978302653041,0.6968772512894985,0.7592592592592593,0.6737615061487863,0.84375,0.634959685835543,0.5662331461494475,0.7031729613533402,0.7523809523809524,0.6592926652717893,0.8380210159903667,0.22737082495786326,0.2075248633727872,0.2532050170683407,0.20373038514533445,0.18585110639387617,0.2192791942221735,0.7760472143768847,0.37261810749239693,1.126554444698275,2.8271049331789455,1.7026193132069707,5.111910032833103,-0.26895642585513896,-0.899462447503631,0.33110019672635965,-0.31011290157230487,-0.6394814741622263,0.14504691776590445,0.0670842021888292,0.0293219388545175,0.11776859846118994,0.18047994721903554,0.11609375968440248,0.23233093701028681
psykose,4,xgboost,subject_wise,1021.0,0.0,0.43192948090107736,0.0,0.5360757427358799,0.012782743682959135,0.5167631037089165,0.014597933413945984,0.5138759960116331,0.016418004034036694,0.034531266930971395,0.03011475125801854,0.5353663304402221,0.012198900018082567,0.46291663162061686,0.02000828393621497,0.2946985124800913,0.005474941523474538,0.06972742100163655,0.025334415851416693,0.13494065528690263,0.11343151764265179,0.19220376668490013,0.01543917996244373,54.0,0.0,0.4074074074074074,0.0,0.5802469135802469,0.03854937036048393,0.5392992424242425,0.03849230887633082,0.5294787449392713,0.04304407016558399,0.08805236006174004,0.08116352489952595,0.5492424242424242,0.03627956961077749,0.4862444645152007,0.05486880028999621,0.25517017859857805,0.009607286023278821,0.08928119121429547,0.10660976772111738,0.06052125236951711,0.11837574505355651,0.1671327444046368,0.054231877253675474,54.0,0.0,0.5384158261005552,0.44150777678078945,0.6198419143286099,0.5724431818181819,0.4461506391975778,0.7001097494889542,0.534769833496572,0.47343370201214524,0.5996054981516219,0.5555555555555556,0.45454545454545453,0.6605217764370931,0.5154247745609872,0.45940343544059753,0.5768291222568265,0.5,0.39555555555555555,0.6312758632230518,0.2848823074126729,0.25470724615571805,0.33755141785856796,0.251195414797516,0.21339410718019497,0.2882860160452316,0.0706338929122828,-0.20246623132756084,0.3410874145955624,0.08204428262553884,-0.5275139255720661,0.9694696928294191,0.12781796953215607,-0.7084648590477907,0.8114745498973494,0.05892840907722535,-0.34069325662247185,0.5923376847195353,0.17371670834822298,0.12250156189695464,0.23118083981873858,0.1584767288079968,0.08379086669735386,0.20137006373066377
psykose,4,xgboost,record_wise,1021.0,0.0,0.43192948090107736,0.0,0.6696049624551094,0.007416138877963156,0.660920191831522,0.007005393077183025,0.6615407078389807,0.0070769737601693375,0.3237788073381053,0.014348593164541238,0.7375987176479787,0.007893286073860674,0.6702538637919776,0.004176767253953353,0.20660971363512606,0.0027055181551370795,0.7265131422950662,0.037958932739025085,0.03661348570214138,0.01808180117526915,0.05678939977232056,0.006086180753098137,54.0,0.0,0.4074074074074074,0.0,0.839506172839506,0.021383343303319504,0.8196022727272728,0.022142694983124905,0.8279411764705883,0.02292420186488218,0.6662522386112825,0.04615930911724975,0.9176136363636364,0.010724196641009555,0.8885810385539257,0.003311950069557732,0.15844824110807676,0.0014701361333064125,4.225971254967337,0.5609278171455684,-0.025627570290374768,0.016174970934572198,0.19257273805546168,0.02061778890273059,54.0,0.0,0.7453788411916491,0.6847755681576153,0.7958304604813302,0.921875,0.8644688644688645,0.9767564548263399,0.6846229187071499,0.6347411442849572,0.7270986245297717,0.8518518518518519,0.78125,0.9166666666666666,0.677570515083755,0.6354303662327977,0.7270704670863729,0.8411764705882353,0.7660506720247716,0.9133235107475672,0.20257259207281117,0.18100019242057494,0.23271748909102746,0.15813554360743154,0.13896479261584377,0.178263554738162,0.8010973592052745,0.5735995949777506,0.9995366993565977,4.286487863160172,2.9768330404691308,7.819776877280609,0.03578760014265203,-0.6077538566259513,0.6579777467084827,-0.0255955917595632,-0.36415612555662413,0.4009280026758751,0.044493475737347535,0.026338642081193294,0.047166393035285255,0.2048675949098887,0.13954724351711442,0.269446439720302
hyperaktiv,0,logreg,subject_wise,502.0,0.0,0.5298804780876494,0.0,0.5073041168658698,0.016942032964373258,0.5049010237458053,0.017906337184743187,0.5047042520504567,0.018184865225766275,0.009755151834488308,0.03592213903913068,0.48359776560044176,0.017635446719873632,0.5064781289751675,0.010041348160740258,0.28066559041108896,0.003558247355845971,-0.13052931942184798,0.07432513529930192,0.08366668657194241,0.00927517969500848,0.12045812564150053,0.020079938148021937,85.0,0.0,0.5294117647058824,0.0,0.4901960784313726,0.017970885078258194,0.48657407407407405,0.01697250257391052,0.4859378354841457,0.01647888363900655,-0.026921680989670533,0.034001324157941326,0.45129629629629625,0.029639465959879083,0.5010772154167902,0.034192346008949555,0.27589742585680443,0.004635807554038046,-0.4092450176642645,0.11880178239679831,0.10202814217919313,0.007160255994219416,0.10990136534019586,0.036107120891935074,85.0,0.0,0.4896138651714031,0.37322035562484424,0.5788552116602345,0.45666666666666667,0.35854935656477,0.5549632930193249,0.5139442231075697,0.425874604308225,0.5710763882453973,0.4588235294117647,0.36538461538461536,0.5294117647058824,0.5117042990177318,0.4289457197690825,0.5757231756741975,0.4526875699888018,0.35874602526815114,0.5237392760161901,0.2759842796828668,0.2542251076447389,0.30812907194330263,0.2739829556253095,0.2553212766550467,0.2963960398077815,-0.22303100219092575,-0.8168224439500691,0.16620146054823787,-0.48672760136154164,-1.3159745063149202,0.230678562115981,0.08191873633029084,-0.4901306612975613,0.5541709725971024,0.10118906597906283,-0.2598662065624665,0.4589899743988026,0.10046317476733813,0.05014479969237099,0.15609468116050645,0.13482801490515853,0.07638665362361974,0.19418386520156014
hyperaktiv,0,logreg,record_wise,502.0,0.0,0.5298804780876494,0.0,0.5830013280212484,0.006085757895027671,0.580232360562423,0.006253730304009754,0.5802024757318013,0.006330142171126205,0.1610487046389343,0.012450482067576565,0.5859351769253642,0.005555050720254294,0.5806868971138032,0.0020581735481525693,0.25226433902388484,0.001639825137561802,0.12392369402037734,0.01967000478179317,0.10266298131365532,0.009572045544555296,0.06582005711471726,0.006270913216761714,85.0,0.0,0.5294117647058824,0.0,0.5882352941176471,0.02037706832433979,0.5851851851851851,0.020046884346862064,0.5851507071703425,0.020043485679602287,0.17124064907802902,0.0406036606965969,0.5914814814814815,0.009958762710924952,0.6125846362394164,0.006269433613400437,0.24922162649172533,0.0020630297282456978,0.3672739444046839,0.12309211435955553,0.12286453613705701,0.007240192359522306,0.09036534934605643,0.011212232600158835,85.0,0.0,0.5912450618070599,0.48284961617410826,0.6737798584514622,0.5927777777777778,0.48685992747574935,0.7024367810011531,0.5916334661354582,0.5175332547904236,0.6585185269431734,0.6,0.5192307692307693,0.6792452830188679,0.5883254193352241,0.5165993901689808,0.6561202268171,0.595464725643897,0.5152020630396165,0.6851104362637405,0.24984985566572127,0.23208743982596688,0.2764194990477849,0.24882738255482317,0.23387078383925985,0.27003070525443484,0.18172412635499854,-0.2697675744604473,0.7865343038866265,0.38545104632923183,-0.517176652860282,1.4665112896242565,0.10159260468992215,-0.43238610215631584,0.5477704836645213,0.12267326634902012,-0.22862605765049535,0.4597199518881398,0.06322252861321646,0.029585339199016486,0.08245388150927419,0.10824360410117861,0.05578430641694531,0.16459454286394712
hyperaktiv,0,xgboost,subject_wise,502.0,0.0,0.5298804780876494,0.0,0.50066401062417,0.0356531042726661,0.49712204239412094,0.03631041111809899,0.49652390443806965,0.036653915070990056,-0.00588864303359574,0.07285735224522569,0.5142198717131813,0.01779873808368014,0.5459573277134261,0.006360884859985384,0.3123337904638632,0.008722626026011234,0.05432000900797362,0.036672261508176054,-0.026839301780043612,0.04765914068213151,0.24085958377528657,0.01845510516121954,85.0,0.0,0.5294117647058824,0.0,0.49019607843137253,0.04754649275679268,0.48657407407407405,0.04903256455490856,0.4856651238188185,0.05014213046942196,-0.027414506121937493,0.09890568581312836,0.5161111111111111,0.030015428131644636,0.6012319372658403,0.0264530798243791,0.27547580565147206,0.01107365225174288,0.11083947689255953,0.11893430151255034,-0.013268032771239016,0.04249151039374016,0.17684768000069787,0.06133885529605319,85.0,0.0,0.5143207595259335,0.40900005550150365,0.5798936692179298,0.5133333333333334,0.41600421174382984,0.5993842349370019,0.5059760956175299,0.42655785825568193,0.5588709955231257,0.47058823529411764,0.38,0.5429664488466512,0.5014177012414898,0.4218052928184207,0.5538804095350347,0.4631578947368421,0.38551316392100043,0.5375840612308834,0.2993994823316786,0.27142699997052244,0.341999363063122,0.27039585628643403,0.24864033137215807,0.2982766864721894,0.0736335736613633,-0.23446937106375346,0.28176258697450507,0.1322062362049821,-0.37094225522588653,0.5247901667326478,-0.02516302190583692,-0.6178474262142504,0.5301793786596691,-0.01284891314055214,-0.38711844526990047,0.37992987284376667,0.19982596393303567,0.13536636260019003,0.2564732933755518,0.20068652875283188,0.12881101200483017,0.2695992415966131
hyperaktiv,0,xgboost,record_wise,502.0,0.0,0.5298804780876494,0.0,0.6115537848605578,0.0034503004134838165,0.6084490888237543,0.003602603305330028,0.6084969174321664,0.003639383344964265,0.21800449286527143,0.007118692651608077,0.6619036999277855,0.007584930331770256,0.6794954594735083,0.01445127763090787,0.2433570990098096,0.004445894133087991,0.458218645392662,0.04598395390534394,-0.054883643723614005,0.022085743683357813,0.11549429292821511,0.0003111399126317762,85.0,0.0,0.5294117647058824,0.0,0.615686274509804,0.0244901882290133,0.6101851851851852,0.023908798766065515,0.6091502253039056,0.0237355566559847,0.22472470021087612,0.04970482894100039,0.7346296296296296,0.008504416669040796,0.791381340225354,0.012475022138861258,0.20988878238752842,0.0021593049297642147,1.2323808079100012,0.09375276823091327,-0.031396697893166896,0.018343937690306636,0.14187845868222856,0.05273015963907504,85.0,0.0,0.6711322798521728,0.5799315328034758,0.7287818072157017,0.7427777777777779,0.632961217530294,0.8097812718112855,0.6294820717131474,0.5563941444841659,0.6861371604469342,0.611764705882353,0.5183775590911873,0.6862254710666529,0.6254632972322502,0.5511410517863333,0.6836372739852167,0.6038695099562208,0.5086377571696752,0.6804915514592934,0.23583048595327247,0.21051844597303207,0.271593198806689,0.20841852302063493,0.18715564642298377,0.2331115524298667,0.534536913837473,0.27786567775619214,0.7430823253126342,1.3205590521580373,0.6790162263568603,1.9161803574307303,-0.05283114081085429,-0.5976936400154564,0.40928226916004284,-0.031141848624038102,-0.36554581329943187,0.33032245736967447,0.10024093107813858,0.05346713207491225,0.14440424803706353,0.13705614743863836,0.08171850689115355,0.19842755241821863
hyperaktiv,1,logreg,subject_wise,502.0,0.0,0.5298804780876494,0.0,0.5278884462151394,0.030144912251835743,0.5289441824901236,0.029420442033031957,0.5277178238311252,0.030033171112793296,0.05778905159942294,0.05875814507022201,0.5344983220763774,0.020686435812935812,0.5697541479451312,0.012655053576724635,0.2716026545721235,0.006529342998385029,0.09875481152609378,0.03800767888320984,0.144824365101531,0.0408931545232176,0.1178946542656052,0.029283167878308217,85.0,0.0,0.5294117647058824,0.0,0.5294117647058824,0.053912655234774565,0.5319444444444444,0.052282028401996375,0.5290005547264343,0.05452863076226772,0.06366216248876895,0.10476499622757715,0.5594444444444445,0.038638080109755765,0.5989639020778531,0.025669481681857852,0.2501861127541809,0.006090052407126996,0.47551461470367967,0.2228418093510151,0.12645264105826062,0.036055908690155174,0.09360198958746298,0.014254197449666267,85.0,0.0,0.5321619727284312,0.45238912086080724,0.597597639964808,0.5522222222222223,0.44421883933670936,0.6279828632137505,0.5139442231075697,0.45872762760120617,0.5706618520963962,0.5294117647058824,0.4314268336257694,0.6,0.5138207509724537,0.46262226737267886,0.5708955400341666,0.5293466223698782,0.4343176140858877,0.6032085561497327,0.26806433964768744,0.24860612240644053,0.2900398332542836,0.24839689099627119,0.23590705901504833,0.26565283356520797,0.12729044591495464,-0.09027783574469783,0.41171100073116085,0.5648453819652773,-0.4078551543162049,1.2578938654257863,0.14242930918749597,-0.32135395251940435,0.6178223680040769,0.12553745542325298,-0.18024592214504148,0.42214928313856576,0.1178847615451962,0.04703769937269258,0.15527805747005352,0.09688481959091197,0.0405104510451201,0.1612602486863297
hyperaktiv,1,logreg,record_wise,502.0,0.0,0.5298804780876494,0.0,0.5856573705179283,0.0034503004134838165,0.5865617433414044,0.003464727350119455,0.5854917821525641,0.0034527845738698214,0.17284927162732652,0.006918132599188807,0.6193343528312306,0.010104856022894643,0.6353005531794013,0.01916557520855614,0.24403593052483594,0.005208393768237973,0.34750084521996905,0.07799065087953531,0.12899934187380116,0.0038946680358380383,0.0604675252726471,0.0074459228967819905,85.0,0.0,0.5294117647058824,0.0,0.6470588235294118,0.053912655234774565,0.65,0.053196438895015415,0.6469056813038997,0.053998011054127576,0.30051799917496164,0.10596457589437547,0.7146296296296297,0.03879485986910347,0.7277788516349447,0.02733341460378798,0.2256689052464134,0.005711042258695035,2.0945594721024503,0.5412825286223011,0.11145489621571426,0.007272274089574992,0.09324267862529177,0.038773783579204336,85.0,0.0,0.6248884924174845,0.5540244088331654,0.6778302202961564,0.7272222222222222,0.6271071936012421,0.7923996067605246,0.5936254980079682,0.5364902920064392,0.6457475824199982,0.6470588235294118,0.5631581301600705,0.7186162535034745,0.5931023521932612,0.5369528363351433,0.643235392887537,0.6466186252771619,0.5687344699915872,0.7183377172787221,0.24127223913359278,0.22670872843532766,0.26143095683233664,0.2250320339353275,0.21391861476534543,0.23962146955331803,0.5438603700196769,0.17357604403288557,0.9077067317524042,2.2707416804890657,1.004833367423293,4.03012844165228,0.127417121518161,-0.32230324943705857,0.5478976127394637,0.11116047191226743,-0.18393012413234586,0.39539025508439835,0.05109949954925292,0.026533147124769087,0.06607772368420521,0.08766225214612439,0.02875840313967011,0.13707414999511444
hyperaktiv,1,xgboost,subject_wise,502.0,0.0,0.5298804780876494,0.0,0.49667994687915007,0.013991572048941208,0.4947963128159382,0.013659781804522136,0.494778010894233,0.013664155718697316,-0.010397105052822717,0.02730667747450885,0.4871925576653498,0.014288216486010842,0.5364150473901677,0.023197290290067302,0.3218651313808083,0.008898177965987885,-0.02580926188350542,0.0412105223611925,0.009001840893841683,0.04391970193456053,0.23168909822740302,0.018661391263788206,85.0,0.0,0.5294117647058824,0.0,0.47450980392156855,0.027169424432452977,0.4694444444444444,0.025268618609250355,0.4672877980548753,0.023206791886076997,-0.06156519750697254,0.05086650148612508,0.4818518518518518,0.02846013745343324,0.5802044897715463,0.018452994863198503,0.27464869439562695,0.007150699825927462,-0.02690259404439851,0.12546864789822318,-0.001284674811869541,0.034955813804170635,0.16983214686898626,0.013713254196747795,85.0,0.0,0.4850101949789729,0.41361693689336304,0.55118557224483,0.48277777777777775,0.3921376379194844,0.5911520518676436,0.47808764940239046,0.4196556340838795,0.5413118262680946,0.4588235294117647,0.37910150130722886,0.5446034906936995,0.47621702561488466,0.41883490954565655,0.5376074245748975,0.4551282051282051,0.3813973139039567,0.5462039148219286,0.3111735854273335,0.28202863972780273,0.3410381308181294,0.2712420447389082,0.2464435129208584,0.29326507950314273,-0.029976793597715056,-0.22792092642291936,0.18910011448612868,-0.035047575150002716,-0.57127209688498,0.5865925587947384,0.008179943642732227,-0.5739014550323092,0.570923900216128,-0.0013054803168299958,-0.331469667744441,0.3004674644860203,0.22500938008654403,0.16715576508934288,0.28183384420557134,0.16826452244730558,0.0978608579767346,0.23035815490457923
hyperaktiv,1,xgboost,record_wise,502.0,0.0,0.5298804780876494,0.0,0.5863213811420983,0.0011501001378279388,0.5851174546535831,0.0006141358772620254,0.5850369361464006,0.0007173541913704169,0.17016858785308905,0.0013957409176530817,0.6308355634849836,0.011413642944663802,0.6546415662057643,0.010963510418768717,0.2551185865404303,0.005177870739770839,0.3715352899427202,0.03496302022225968,-0.01144621617550261,0.016639039462609664,0.13509045223672075,0.004523244233403032,85.0,0.0,0.5294117647058824,0.0,0.6352941176470588,0.020377068324339723,0.6310185185185185,0.02245251046848543,0.6304497570320354,0.023092809731659523,0.26517952429189895,0.04263774253384763,0.740925925925926,0.02154763122764621,0.8013307870860596,0.004434412155647429,0.21057998596779692,0.005038186109286307,1.777974801961242,0.23038030260837905,-0.01935927537080973,0.01274970791765887,0.10542663370861728,0.01911081865371672,85.0,0.0,0.6409455842997324,0.5761614684023681,0.6931923072241019,0.7527777777777779,0.6711537964933872,0.8339060133933972,0.6095617529880478,0.5590159800299891,0.6574744544518086,0.6235294117647059,0.5445609905224175,0.7063480657665123,0.6081623550401427,0.5562230693757709,0.6567084681165589,0.6114285714285714,0.5279797073025366,0.6890992360924053,0.24613870461602672,0.2242309861084044,0.2696360483418346,0.2090183360958271,0.19048829086131905,0.2246139664598795,0.4449226049627735,0.23651145798361556,0.6591019240263045,1.9716308122769646,1.2749230253939665,3.070386014285344,-0.01100948484277535,-0.5183470221217555,0.4562293315589246,-0.019295874526427476,-0.3122877835599623,0.27698594682854144,0.11112793451880078,0.06635630083923012,0.14461572716137736,0.0932570699383231,0.04482912734045039,0.1449160383006642
hyperaktiv,2,logreg,subject_wise,502.0,0.0,0.5239043824701195,0.0,0.5378486055776892,0.02297323226030037,0.5372989484067009,0.02234265281971719,0.5371366079959353,0.022568948781907575,0.0745820212375521,0.04470240980030541,0.5283527159531424,0.02052259098017311,0.5314966335260735,0.014295688112653051,0.27397514523494576,0.005766831064923064,0.02610466710248854,0.0692392082819833,0.062414098140648605,0.0061343857410552476,0.12409891522929672,0.026377973516871833,85.0,0.0,0.5294117647058824,0.0,0.5607843137254901,0.024490188229013346,0.5606481481481481,0.024935616684250338,0.5601061333456431,0.02472325848508429,0.12115159621777849,0.049756685398632525,0.5394444444444445,0.025621894572444907,0.5598975869305455,0.021198867328252897,0.26084674018702525,0.005586179309568347,0.11851622958615944,0.1481102184203336,0.0908985547892968,0.0005673737354221927,0.1336728103717724,0.04053659401663415,85.0,0.0,0.5313489348839429,0.4526943800821998,0.6167906711826268,0.5366666666666666,0.4460615751426698,0.6284947964673535,0.5358565737051793,0.4735049047238,0.6039993228373608,0.5647058823529412,0.48148148148148145,0.6411335748628024,0.5345099990050741,0.47247398100023325,0.5977950029594638,0.5644647555740202,0.47683162001654167,0.6445770150385736,0.2703322511291814,0.24547947283499696,0.2969616768497282,0.25926912013664255,0.24031743242949127,0.279400686890192,0.02771553672206572,-0.24395637121432995,0.4759057818554601,0.13339592560855595,-0.5717673836278934,0.8259340266844598,0.06140915467867938,-0.4765859685367103,0.4749312959400556,0.09029959203761836,-0.1830275127625927,0.438161628975268,0.10617628426340514,0.04387450336144153,0.14899503022905794,0.10229060957407976,0.06135269740263566,0.13707986563218272
hyperaktiv,2,logreg,record_wise,502.0,0.0,0.5239043824701195,0.0,0.599601593625498,0.007968127490039834,0.5996070445614649,0.007509310207188285,0.5992508994083593,0.0077522955930218185,0.19902317003076075,0.015036673261449696,0.6263423325962104,0.013708129593716116,0.6106916654637786,0.009640422485582867,0.24307255527581628,0.003894996568047873,0.4161588125712406,0.05721653841458258,0.07848395724524258,0.013321953829987198,0.06082033801127528,0.0030381990678481894,85.0,0.0,0.5294117647058824,0.0,0.6392156862745098,0.017970885078258194,0.637962962962963,0.018495355884664978,0.6379187754177877,0.018331884392947168,0.2759573566376094,0.03674283371738373,0.6683333333333333,0.019460310986818944,0.6789696694883349,0.01673356033080585,0.2314394515792352,0.003325875064413306,1.3151487237011754,0.22488079699329627,0.09726633030704668,0.012382870040713765,0.08383946081274458,0.02147005464456979,85.0,0.0,0.6326105286602924,0.5612818783787975,0.7096725389906443,0.6672222222222222,0.5811560458831626,0.7573161926455386,0.6115537848605578,0.5456145668422656,0.6751968503937008,0.6470588235294118,0.5602211690511244,0.7192982456140351,0.6112931085830007,0.55142163378696,0.6740351757863383,0.6446488294314381,0.5634688589734462,0.7222150061109335,0.2414277023804368,0.22165238639172574,0.26370743782585193,0.23109384163732158,0.21554989905308275,0.24570711860393066,0.49926475714257834,0.0533597007119535,0.945759228231082,1.3466967128998866,0.5751348453445476,2.3243344776561496,0.077921241375366,-0.40285769848089914,0.4855993292218357,0.09713289750234161,-0.16520208292678534,0.42076187428839484,0.0636286878447758,0.031095318836675545,0.07907055609691283,0.07442534755091804,0.03655129747028755,0.10907238352269288
hyperaktiv,2,xgboost,subject_wise,502.0,0.0,0.5239043824701195,0.0,0.5126162018592297,0.011501001378279387,0.509781461624534,0.01221257725864863,0.5090110881312865,0.01281536500036904,0.019633423317414793,0.02447551611387097,0.5018799285149891,0.005992491830373244,0.5148774901713409,0.010713129521214011,0.3178279272568754,0.006208646757699513,-0.01012058469266886,0.030849373125829613,-0.05560673767271954,0.06439441792911581,0.22050774016307484,0.013701254594908547,85.0,0.0,0.5294117647058824,0.0,0.5254901960784314,0.024490188229013346,0.5212962962962963,0.02580992567549328,0.5202302865784633,0.026882550051787326,0.04278533594848529,0.051810542234976206,0.517962962962963,0.013162485662160611,0.5485535223493834,0.011039757231628011,0.28008911335374503,0.00847399016209228,-0.06846642550569955,0.027151883038487153,-0.008523646545313292,0.04344612629447437,0.14343202835788915,0.008256289536126666,85.0,0.0,0.504828420064591,0.4265301548451353,0.5825317530208217,0.5133333333333333,0.4237533202701882,0.6174835671881641,0.5139442231075697,0.45559972764133266,0.5773269393455102,0.5529411764705883,0.478082132298849,0.6233313262891867,0.5108384850082267,0.45251825892333897,0.571735717604502,0.5498885172798216,0.4736024813427477,0.6227644346645922,0.3072403279090277,0.273404522459175,0.34297605007272125,0.2767922701998289,0.24595044648284153,0.3009647267431461,-0.018382569599324418,-0.2439726294223294,0.20768248752153184,-0.07478670343215649,-0.49870390117566665,0.4950509829652496,-0.05223448046085444,-0.7100331772990012,0.4589504133915188,-0.008472244375628043,-0.3254934869135037,0.3565594193242293,0.19862028619504543,0.1363424057215663,0.2515707769470225,0.12060553554226372,0.0709706214179204,0.15276424953508363
hyperaktiv,2,xgboost,record_wise,502.0,0.0,0.5239043824701195,0.0,0.6108897742363878,0.013559480648514024,0.6091074449411628,0.013137063023159146,0.609139122058948,0.0131427609380613,0.21882589658976426,0.026635915135303553,0.6403158492026876,0.008335598221775318,0.6246896437162704,0.011144299347124085,0.2526644522961492,0.004296148084397892,0.3763426878527234,0.036614958404136186,-0.00991075245806815,0.01490108445427022,0.12545847062857582,0.004015448919809369,85.0,0.0,0.5294117647058824,0.0,0.6509803921568628,0.02716942443245301,0.6486111111111111,0.025268618609250386,0.6486157356015736,0.025361455860637764,0.29895231125973304,0.053397406637234655,0.7203703703703703,0.01932769181205802,0.7020101366050495,0.013514946298353502,0.21560854699438692,0.005688352374556317,1.18685588186258,0.18786952350653835,0.009196652821111229,0.019625898726216347,0.08361475119988122,0.027240016849916695,85.0,0.0,0.6492832938256679,0.5837557579720163,0.7145663655692103,0.7272222222222222,0.6364888237656525,0.8080493939718717,0.6155378486055777,0.5641333915811825,0.6720652425752153,0.6705882352941176,0.5913171173432247,0.7404664321913553,0.6136598359511761,0.5646395008901404,0.6662875049390135,0.6694444444444445,0.58607653956583,0.7396936792064622,0.2448358874131734,0.21838703280576013,0.2718447868626389,0.2140546473464471,0.19155411768238215,0.2366037310152781,0.4453383962291165,0.22683353107038573,0.6617573689859226,1.2867848604447822,0.6947775565976597,2.18217087895853,-0.00944548605939794,-0.5616129356985425,0.46305197332949993,0.00910171822410679,-0.2425190146778676,0.32634218120756836,0.10205951888129057,0.053032678913454055,0.1337274315075959,0.07240557749481763,0.04608025016994561,0.09077136304113134
hyperaktiv,3,logreg,subject_wise,502.0,0.0,0.5298804780876494,0.0,0.5265604249667994,0.006995786024470604,0.5259387876470838,0.00789337025345125,0.5256291320480413,0.007656247727544826,0.05180969099797034,0.015722189106361157,0.5373072511787945,0.00592506068809562,0.5532673245102543,0.005495600185847824,0.27238582479667084,0.0011790617085454655,0.1597053178788743,0.052913367896970855,0.186745873901096,0.03286569379939189,0.14459368045794882,0.014016384917823749,85.0,0.0,0.5294117647058824,0.0,0.5254901960784314,0.033961780540566235,0.5259259259259259,0.03530984252901546,0.5248955008359933,0.0344866386570502,0.0518467163764724,0.07062382650635461,0.5418518518518519,0.01612387744521503,0.5484278697245626,0.01278458743797677,0.2579292418514308,0.00264995484991093,0.2818020934128273,0.08238735971962573,0.15481692236169473,0.032475902687751704,0.10613408952896441,0.01857542914116204,85.0,0.0,0.5378966484006628,0.4638032361821063,0.6244053809980432,0.5438888888888889,0.45231232504785635,0.6363743599702076,0.5179282868525896,0.45631643511241293,0.5762344119128837,0.5294117647058824,0.4528301886792453,0.6126491040151181,0.5170006361323155,0.45754535711321015,0.5767990104060184,0.5288248337028825,0.45561323804236314,0.6136912029962034,0.26846331390785133,0.24404594687794562,0.2920550032895586,0.2560960061276964,0.23814814806361595,0.27353388435868886,0.18672495440156217,-0.07854613312993454,0.5553639820132699,0.32053032777156903,-0.3432267624268532,1.0077023019567086,0.18316378707684317,-0.3763470825040543,0.6145252725063782,0.15357013703540123,-0.19493800199946784,0.5065150628215901,0.13356833377022886,0.0690760087430971,0.18699858630809166,0.09506705038913403,0.041284573806380336,0.14859891784340826
hyperaktiv,3,logreg,record_wise,502.0,0.0,0.5298804780876494,0.0,0.5876494023904383,0.015039510827232556,0.5858130495730852,0.013994933697893121,0.5856904950162963,0.014242690785645168,0.17195385680024397,0.02833876975917159,0.6255893972218682,0.017588466882073765,0.6211602651837361,0.024644017545827818,0.24188663658201612,0.00648780708760867,0.4367683733975556,0.15623125955556683,0.12229018303795629,0.009433258079788951,0.06377267417196948,0.007002722406127738,85.0,0.0,0.5294117647058824,0.0,0.6509803921568628,0.037818238278403735,0.6486111111111111,0.038888888888888876,0.6486829796612404,0.038824771752278525,0.2981296830481821,0.07706114318497358,0.6690740740740742,0.02806701269544175,0.6684804924369433,0.02074229129003555,0.22896670983115472,0.005245097191330602,1.4013769365846571,0.2462941148251125,0.09816696069707641,0.005765895884820868,0.07916730747028403,0.03013791951573009,85.0,0.0,0.6317223142602268,0.5622215323492477,0.6945985300601514,0.6816666666666666,0.5879795758791385,0.767433755135057,0.5936254980079682,0.5286215913106774,0.6510693632952788,0.6588235294117647,0.5773062059282486,0.7297555007558647,0.5912835249042145,0.5246988859589359,0.64763442980161,0.6580663060063809,0.582504115063563,0.733247593072198,0.23922006607515195,0.22083368578119067,0.25816821244689736,0.22850874799731524,0.21350362053851885,0.2447874929908865,0.5418466189264428,0.24195681682334502,0.9327064117491578,1.4671994257209313,0.656951733391848,2.5677363712764176,0.1207897673835416,-0.34666062865978087,0.5305530234186968,0.09798305442053616,-0.23274947453101122,0.41975507879939233,0.06117627787900297,0.02625708959414208,0.08493647825629591,0.09121021995582135,0.026552114694392268,0.14237390084384957
hyperaktiv,3,xgboost,subject_wise,502.0,0.0,0.5298804780876494,0.0,0.5630810092961487,0.011327172715293533,0.5615150163544455,0.011422843494291804,0.5614893001804037,0.011436563601596951,0.12304067215952696,0.022831886796588628,0.5855050762499469,0.01603800076811506,0.5948908958112259,0.014392762204476101,0.28171699637459713,0.007216452797015975,0.20821877264145128,0.04521171844341546,0.06622010984760072,0.024056104819383955,0.1767377144308293,0.002970932556345265,85.0,0.0,0.5294117647058824,0.0,0.6039215686274509,0.029607193863806863,0.6004629629629629,0.0289453685784085,0.6000738563238562,0.02913433638875119,0.20270534275069774,0.05851093910071168,0.6172222222222222,0.03698097609031701,0.6431814349968746,0.025637541865772218,0.244510135982146,0.01194379000005957,0.5148683317146053,0.2055023639590252,0.05372881361828829,0.013605935097272407,0.0879670267888144,0.03789645135255796,85.0,0.0,0.5923919969415065,0.5232992036213949,0.6713869591464683,0.6172222222222222,0.5343058538266192,0.7056562947693256,0.5517928286852589,0.4847179283538095,0.6062974393587439,0.6235294117647059,0.5375130774375482,0.6923076923076923,0.5498475579379472,0.4898789257312812,0.6048651632068888,0.6192609182530795,0.5350194315239135,0.6915754698915214,0.2704827016163045,0.23844187569996433,0.3013431243114991,0.2399924957758086,0.21540547983258218,0.2643403829123288,0.25771314254153527,0.057803232166739556,0.4845821945472853,0.625961404919594,0.16146834645833488,1.1793119164025436,0.06230159886137484,-0.5306144364212209,0.5470465714255451,0.05271758691671754,-0.30484788803836704,0.4186980222782874,0.16036135828738426,0.10450640338666707,0.20599414577682063,0.0683658433311126,0.04264086876345077,0.07781042771664361
hyperaktiv,3,xgboost,record_wise,502.0,0.0,0.5298804780876494,0.0,0.649402390438247,0.012117056833263374,0.6457563400025488,0.012524426944986032,0.6458528274394318,0.012683370173194366,0.2938770066990635,0.0247064533594934,0.6883416167537488,0.013509740285810574,0.6905454861706527,0.00935550527432409,0.23301923399690916,0.00570968479686483,0.507219273876327,0.02729312105272148,-0.021734092130859126,0.016866066508999526,0.10285461557210283,0.010155481136975099,85.0,0.0,0.5294117647058824,0.0,0.6862745098039215,0.006792356108113221,0.6805555555555557,0.006364688465216421,0.6799336453795465,0.006657856958873662,0.3700020196462916,0.014179704916685413,0.7822222222222223,0.013482956777235091,0.8092664584074297,0.02638378412146387,0.19474165296288273,0.001090073218786803,1.824771261405501,0.18946591858887793,-0.017909540506990774,0.025557625972205966,0.11595352046629963,0.019657866064104627,85.0,0.0,0.7025933477762203,0.6463208596239408,0.7617814137518174,0.7972222222222223,0.7163858022383076,0.8591121807296236,0.6553784860557769,0.6089426328603402,0.7041479560786865,0.7411764705882353,0.6666666666666666,0.8113207547169812,0.651784461293569,0.6051692065233565,0.702049950171537,0.7367680180180181,0.6629407106291237,0.8063732021387683,0.22348597372255496,0.20087947283814772,0.2491741396081871,0.1924694860557495,0.17653373891063623,0.21199111658791822,0.6097493117306977,0.4157847021184523,0.7936276476554333,2.085462737667866,1.42189580693831,2.751691576967305,-0.020742081278003387,-0.542192720790818,0.39560424768451147,-0.01785286511673206,-0.32748385194251023,0.32522193642540165,0.07904377191205064,0.046332674082240684,0.09864712813601674,0.1064817217342994,0.05238531543332013,0.14444066837897723
hyperaktiv,4,logreg,subject_wise,502.0,0.0,0.5298804780876494,0.0,0.5298804780876494,0.010350901240451448,0.5324964954759781,0.011425160982452196,0.5297188785103683,0.010087367209316243,0.06518292919966533,0.023154322066855068,0.545569432054713,0.013991899307725365,0.5735823731279358,0.011365031068298975,0.2691895775405522,0.007245779302946211,0.08592686447770514,0.03910973567581935,0.09701697071984633,0.02684351373068789,0.1183168577647709,0.015638070059465454,85.0,0.0,0.5294117647058824,0.0,0.5333333333333333,0.027169424432452943,0.5365740740740741,0.027404904790645824,0.532358741232648,0.027825363850302983,0.07360237945307137,0.05492732071303675,0.5485185185185185,0.01864493885363979,0.579297023683823,0.014734183198582591,0.25879999972347606,0.006081129977171056,0.19313265475499775,0.14176646661329675,0.08491439460416576,0.01638535964821424,0.1192162536909475,0.025987309931809702,85.0,0.0,0.5498757486937683,0.4678547425089997,0.6318193853794866,0.558888888888889,0.4535347622214315,0.6339446473361801,0.5278884462151394,0.4665965892338283,0.5876494023904383,0.5058823529411764,0.43859649122807015,0.5740740740740741,0.5274665480441181,0.46724478901727795,0.5890458474435833,0.5058139534883721,0.43842364532019706,0.5739279588336192,0.26620440661800227,0.24189557567952263,0.2930531957719674,0.2574064728923263,0.23904123737789693,0.27712298436390453,0.1134346453065675,-0.13245010409616653,0.4993324055144392,0.22808736869068102,-0.43400176452402023,0.9123653851708874,0.09573000735753298,-0.40879828331030393,0.568580593360627,0.08437682994820556,-0.26018665349566084,0.4142348457019531,0.1140282352283648,0.06494005932590352,0.1631426748536971,0.11759738146111393,0.062416116738735185,0.14962382390386564
hyperaktiv,4,logreg,record_wise,502.0,0.0,0.5298804780876494,0.0,0.5830013280212484,0.004146745018856834,0.5874803534259377,0.003998226962164765,0.5823299090718036,0.0042580856801766355,0.17637409010688684,0.00793011871175312,0.6227804681194512,0.003379540462804794,0.652570600821432,0.005361007010915909,0.2424955687961016,0.0008642890501743312,0.4376075968498987,0.047180398937140974,0.10980699332277415,0.012882377423647152,0.06189867091282747,0.007768261374453618,85.0,0.0,0.5294117647058824,0.0,0.603921568627451,0.027169424432452943,0.6069444444444444,0.026461887337857818,0.603769506694798,0.02730111392907888,0.2143669882585467,0.05250972847605874,0.6612962962962963,0.009251848886516098,0.6760665898198178,0.011363047645844929,0.23249526817593946,0.0007636455001426454,1.0866220740240806,0.04884205691442687,0.09506263440032581,0.011922097197375985,0.0716972564350995,0.024786628378900503,85.0,0.0,0.6259876385879954,0.5592733394783383,0.698461346064046,0.6627777777777778,0.5679084888033216,0.7345267400964175,0.5916334661354582,0.5311611657551163,0.6526707638351257,0.6,0.5187642358071154,0.6545454545454545,0.5910476349431536,0.5355727573843977,0.6567862864886259,0.5999446290143964,0.524553232205427,0.6665420688868571,0.24114839566268167,0.22058037771673822,0.2604758782874315,0.23224964301363102,0.2158172016722953,0.24973697683529886,0.4900245493683513,0.2089486550246832,0.896779642202419,1.110010076288588,0.46171603993169097,1.9038931030967268,0.10917690564998285,-0.3712857801168947,0.5516197519316419,0.09498421055474819,-0.23398447333503122,0.43679780290465864,0.055467364156340876,0.026875259823770772,0.06980701503845647,0.04895103878545234,0.01583573770039592,0.06829575608878548
hyperaktiv,4,xgboost,subject_wise,502.0,0.0,0.5298804780876494,0.0,0.5451527224435591,0.030493924311301587,0.5415710887387962,0.030456451294355712,0.5412153904646918,0.030595026123625305,0.08368350668466586,0.0614082975818617,0.5619822862240347,0.02685026812312189,0.5776184880657328,0.018185275188694543,0.292554432803045,0.014184633041040305,0.1365280865566457,0.06662796396868591,-0.061438044446689904,0.07241184415171217,0.19660878458751707,0.025414520507445325,85.0,0.0,0.5294117647058824,0.0,0.5333333333333333,0.05803391602724995,0.5296296296296297,0.05640553485377048,0.529093221047679,0.05577487548730718,0.06044428766420209,0.11486146925299663,0.5570370370370371,0.041374282781942724,0.5892494973884649,0.04151785605653345,0.26111245943717215,0.015052449856757043,0.24918930264665853,0.2701731906501596,-0.04225110379321878,0.05768074756783654,0.13523449038757998,0.05148305903985017,85.0,0.0,0.566793041926851,0.503590879701839,0.6539005025652337,0.5588888888888889,0.4753555228245253,0.6440490140758256,0.5537848605577689,0.49914015523325067,0.6187884898119139,0.5411764705882353,0.46938775510204084,0.6226415094339622,0.5500064028684851,0.49645162630639567,0.6123300348506484,0.5370758273984081,0.4693902531014412,0.6235243994197944,0.27979074316268454,0.24258951179682103,0.3072571340109455,0.2567605990593504,0.23255615464592308,0.27988201530223183,0.16912952489521657,-0.02659561497692125,0.41359972573755893,0.31845898070619955,-0.1014579136866399,0.8214813325649657,-0.057114964538938474,-0.6503309251691698,0.4921797180965385,-0.04179136528205335,-0.3878065725564467,0.2937815651336016,0.15565825070799943,0.0990454003731514,0.19343788013791702,0.1303024698706234,0.06646359605891039,0.1802608991276289
hyperaktiv,4,xgboost,record_wise,502.0,0.0,0.5298804780876494,0.0,0.6301460823373174,0.01097125607029103,0.6260725967461026,0.010393734467766128,0.6259111825660267,0.010279227413304764,0.2547886304177713,0.021735742976099214,0.6789218809736205,0.004368125088126985,0.6760249229901314,0.014540912579038636,0.23922000449521344,0.0030531253009540437,0.4367313995329016,0.02594692370470298,-0.07204342788496058,0.04577487713516268,0.11915241230333629,0.012302100283183171,85.0,0.0,0.5294117647058824,0.0,0.6431372549019607,0.017970885078258194,0.637037037037037,0.020475318877311063,0.6347924312058548,0.023617579413590405,0.28162038662463923,0.03626068492383985,0.735,0.0025458753860866366,0.7211070074408945,0.011459360093430961,0.2105343190055281,0.0015863649563513983,1.0671769359174486,0.10450047948067373,-0.061583778659891286,0.03875524055294463,0.12432638506094613,0.02159261355959362,85.0,0.0,0.6901204281891169,0.6320071017685951,0.7603752865578715,0.7427777777777778,0.6659091663542445,0.8257647273807865,0.6294820717131474,0.5818586666536422,0.6969021083718799,0.6588235294117647,0.5830473788363263,0.7358490566037735,0.6233602788131081,0.5794696638816471,0.6943682908257605,0.655774333193688,0.5858344895572617,0.7415920931660089,0.23129062679993043,0.2011325414258786,0.2579717631385212,0.20880533550636313,0.18605104099270947,0.23212383371811424,0.5099900268288589,0.3388690343500757,0.7457372607419028,1.1515367532837493,0.5778108118503793,2.0365487565898133,-0.068916032088213,-0.6180983213619397,0.4195780143577666,-0.06123143746730584,-0.3746406805582293,0.2364039893081187,0.10437657143846452,0.05990605499935674,0.12987678539501454,0.10194629553486319,0.0437621651820685,0.13336801460968806
